HE_genes,DE_genes,NP_genes
Vip,Gad1,Vip
Malat1,Npy,Npy
Npy,Synpr,Sst
Sst,Cck,Penk
Calm2,Gad2,Tac2
Penk,Vip,Cck
Rn18s-rs5,Pcp4,Crh
Snap25,Nrn1,Tac1
Tac2,Lamp5,Pdyn
Cck,Slc6a1,Cort
Serpini1,Slc17a7,Pthlh
Snhg11,Calb1,Pnoc
Meg3,Neurod6,Adcyap1
Crh,Nxph1,Trh
Calm1,Rab3b,Grp
Crhbp,Pcp4l1,Nmb
Mdh1,Sst,Nts
Scg2,Zcchc12,Rln1
Rtn1,3110035E14Rik,Vipr1
Gad1,Kcnip1,Vipr2
Zwint,Nrgn,Npy1r
Calb1,Pde1a,Npy2r
Cpne6,Sv2b,Npy5r
Rnr2,Ptk2b,Sstr1
CYTB,Id2,Sstr2
Synpr,Ptn,Sstr3
Tac1,Penk,Sstr4
Pcp4,Rgs4,Oprd1
Tspan7,Arpp21,Oprm1
Tmsb4x,Itpka,Tacr3
Aldoa,Dlx6os1,Cckbr
Cnr1,Erbb4,Crhr1
Gnas,Rasgrp1,Crhr2
ND1,Igf1,Tacr1
Ndfip1,Cryab,Oprk1
Atp1b1,Kcnv1,Pth1r
COX1,Fxyd6,Oprl1
Nap1l5,Igfbp6,Adcyap1r1
Calb2,Crym,Trhr
Pdyn,Egr1,Trhr2
Cxcl14,Dkk3,Grpr
Resp18,Baiap2,Nmbr
Ckb,Rgs10,Ntsr1
Atp5b,Serpine2,Ntsr2
Ndrg4,Enpp2,Rxfp1
Atp1a3,Rbp4,Rxfp2
Cpe,Rpp25,Rxfp3
Arpp21,Crh,
Hspa8,Aldoc,
Olfm1,Cd34,
Rgs4,Cdh13,
Gpm6a,Rprml,
Rab3b,S100a10,
Chn1,Igfbp4,
Id2,Car4,
Fth1,Ano3,
Serinc1,Arc,
Htr3a,Kcnip3,
Itm2b,Bdnf,
Sparcl1,Dner,
App,Nrip3,
7-Sep,Kit,
Ap1s2,Cxcl14,
Hsp90ab1,Necab1,
Gabra1,Stxbp6,
Camk2n1,Ramp1,
Fxyd6,Hs3st2,
Atp6v1g2,Reln,
Cplx1,Nov,
Gad2,Ldb2,
Snca,Nefl,
Ldhb,Myl4,
R3hdm1,Marcksl1,
Ndufa13,Slc1a2,
Stmn3,Crip2,
Chgb,Nrsn2,
Atp6ap2,Lingo1,
Pvalb,Qpct,
Stmn1,Olfm3,
Slc25a4,Fos,
Arpp19,Adarb2,
Rbp4,Gabra5,
Ppp3ca,Pnoc,
Ywhah,Cnr1,
Rheb,Cplx3,
Ndufa4,Slc30a3,
Ptn,Nptx1,
Lamp5,Luzp2,
Stmn2,Klhl13,
Nrsn1,Ctxn1,
Enpp2,Galnt14,
Nrn1,Ap1s2,
Slc6a1,Crtac1,
Cort,Fam19a1,
Tsc22d1,Cpne7,
Syt1,Cnih3,
Vsnl1,Fhl2,
ND4,Fam212b,
Pcp4l1,Kcnc2,
Dner,Pamr1,
Fkbp1a,Sema3e,
Rnr1,Epha4,
Cplx3,Cacna2d3,
Ctgf,Car10,
Pkm,Egr3,
Rgs10,Tac2,
Rab6a,Lypd6b,
Dynll1,Adcy2,
Nrgn,Dpy19l1,
Atp5a1,Ier5,
Gapdh,Syndig1,
Rab3a,Dgkb,
Tecr,Dusp14,
Ncald,Prkcg,
Tuba1a,Cckbr,
Myl4,Satb1,
Nov,Nfib,
Bdnf,Dkkl1,
Zcchc18,Zmat4,
Th,Crhbp,
Hnrnpa2b1,Klf10,
Ppp3r1,Cdkn1a,
Tubb2a,Ndrg2,
Ttc3,Plcxd2,
Map1b,Cbln2,
Pak1,Alcam,
Aplp1,Spock3,
Slc25a3,Cacna2d1,
Prnp,Sema3c,
Atp5g3,Sez6,
Aplp2,Fxyd7,
Spp1,Gda,
Prkcb,Caln1,
Prkar1a,Cort,
Egr1,Elmo1,
Bex2,Tmem91,
Ndn,Neto2,
Fos,Brinp3,
Atp6v1b2,Cd63,
Nrxn1,Fam19a2,
Ogfrl1,Cpne9,
ND5,Bhlhe40,
Cox4i1,Camk4,
Spock3,Nefm,
Ppia,Rab26,
Rab3c,Parm1,
Tcf4,Gabrd,
Gria2,Pcsk1,
ND2,Kcnab1,
Sub1,Igsf21,
Syp,Ipcef1,
Kctd12,Slc5a5,
Cox6c,Wls,
Atp5j,Dusp6,
Lgals1,Col19a1,
Nefl,Arhgap15,
Ctsb,Hpcal1,
Atp6v1e1,Fstl5,
Cox5a,Tbr1,
Scg5,Calb2,
Gap43,9430020K01Rik,
Cfl1,Atp2b4,
Serpine2,Ctsz,
Sqstm1,Cox6a2,
Vstm2a,Abat,
Ogt,Mlip,
Eif1,Galnt9,
Cdc42,Diras2,
Reln,Mapk11,
Lars2,Rnd2,
Ghitm,Rasl10a,
Tpi1,Npy1r,
Maged1,Chn2,
Got1,Spon1,
Mef2c,Tpd52l1,
Igf1,Lmo3,
Cox8a,Trp53i11,
Ndnf,Kcnip2,
Skp1a,Ak5,
Vamp2,N28178,
Bsg,Htra1,
Pthlh,Mgat4c,
Cox6b1,Fezf2,
Tagln3,Cav2,
Ppp2ca,Enc1,
Tuba4a,Mmd2,
3110035E14Rik,Gsta4,
Ubb,C730002L08Rik,
Oxr1,Slc7a3,
Cst3,Nfix,
Pgrmc1,Ifitm10,
Zcchc12,Cadps2,
Tspan3,Adora1,
Elmod1,Pvalb,
Hsp90aa1,Sorcs3,
Cx3cl1,Prss23,
Atp2b1,Dlx1,
H3f3b,Plcxd3,
Itm2c,Nek7,
Cnbp,Ifi27,
Atp5c1,Tesc,
Cox7a2,Cdh12,
Cox7b,Gnb4,
Nme1,Etv1,
Tsnax,Grin3a,
Ldha,Slc24a3,
Ndrg3,Rprm,
Hpcal4,Mmp17,
Phyhipl,Camk1g,
Hpca,Grik1,
Rtn3,Rcan2,
Ywhab,Sparcl1,
Car4,BC048546,
Kit,Thsd7a,
Sccpdh,Gfra2,
Eno1,Lin7a,
Prkar1b,Rasl11b,
Mapk1,Psat1,
Rnasek,Tiam2,
Dlx6os1,Rasgrf2,
Hsbp1,Syt17,
Tmem130,Zbtb18,
Tspyl4,Coch,
Ywhaz,Sstr2,
1110008P14Rik,Nell1,
Uchl1,Ngef,
Slc1a2,Cbln4,
Dusp14,Ptprt,
Mdh2,Rtn4r,
Dclk1,Pthlh,
Slc25a5,Cdh8,
Slc17a7,Rnf128,
Arc,Dlx1as,
Syt4,Cobl,
Ndufv2,Nrep,
Rcan2,Hs3st1,
Pea15a,Gpd1,
Gaa,Nr4a1,
Nrip3,Dleu7,
Mat2a,Il1rap,
Gabrg2,Npas1,
Efr3a,Mast3,
Actb,Sox2ot,
Nnat,Gucy1a3,
Gdi1,Lypd6,
Nxph1,Trhde,
Cartpt,Arl4c,
Kcnq1ot1,Pdp1,
Pde1a,Satb2,
Clu,Ptprm,
Srxn1,Arx,
Ppp2r1a,B3galt2,
Osbpl1a,Kcnip4,
Atp6v1d,Tac1,
Atp6v0b,Fstl4,
Atp5f1,Stxbp2,
Atp6v1c1,A530058N18Rik,
Tmem59l,Necab2,
Atpif1,Cdh9,
Asns,Medag,
Sh3bgrl,Rbms3,
Fez1,Pacsin2,
Wsb1,Mapk4,
Pfn2,Bok,
Snap47,Arhgap12,
Aldoc,Kcnab3,
Atp6ap1,Pcdh8,
Eno2,Ubash3b,
Morf4l2,Lgals1,
Hspa5,Gpr83,
Ache,Tuba8,
Syn2,Ddah1,
Alcam,Ppp1r1b,
Nars,Sphkap,
Arl6ip1,Cd302,
Sepw1,Mpped1,
Eif4a2,Flrt3,
Matr3,LOC101056001,
Ptprd,Tmem44,
Stxbp1,Sytl2,
Atp6v1a,Rnd3,
Ndufb8,Ptprk,
Napb,Rtn4rl1,
Psap,Ankrd29,
Sf3b1,Rgs8,
Rcn2,Lhfp,
Lancl1,Btbd11,
Hprt,Tmem47,
Nr4a2,Tspan6,
Pdp1,Cpne8,
Plk2,Pde4b,
Hsp90b1,St6galnac5,
6330403K07Rik,Nell2,
Cox6a1,Epha7,
Ly6e,Dlx5,
Ywhae,Tmem159,
Pld3,Shroom2,
Cd81,1500009L16Rik,
Myl12b,Maf,
Nos1,Fhl1,
Chd3os,Rasgef1b,
Fabp5,Slc35g2,
Baiap2,Grm8,
Necab1,Eepd1,
Pja1,Gng4,
Tspan13,Itpr1,
Tnfaip6,Zfp941,
Cadps2,Fmnl1,
Nptn,Ncam2,
Dynlrb1,Snx7,
Gng3,Meis2,
Clstn1,Cntn6,
Vdac1,Dtl,
Tubb4a,Nipsnap3b,
Wbp5,Adcyap1,
Araf,Vstm2b,
Uqcrc1,Stx1a,
Brinp1,Dok5,
Vgf,Arap2,
Impact,Pantr1,
Atp2b2,Kcnf1,
Kcnip1,Nrip2,
Tnnc1,Nptx2,
Myl1,Dusp1,
Fgf12,Lphn2,
Rnf14,Fam46a,
Pcsk1n,Tmem196,
Gpd1,Oprm1,
Slc24a2,Tnnc1,
Serinc3,Sema5a,
Nsf,Cntn4,
Usmg5,A330050F15Rik,
Clk1,Gabra2,
Ddx5,Pitpnc1,
Acot7,Afap1,
Fgf13,Kcnmb2,
Rbbp7,Deptor,
Ncdn,Pvrl3,
Elmo1,Cyb5r1,
Adcy2,St6gal2,
Ypel3,Zfp536,
Hnrnpk,1700086L19Rik,
Tnfaip8l3,Btbd3,
Gpx3,Sgk1,
Atp2a2,Tyro3,
Fkbp3,Cgref1,
Dnm1,Fam135b,
Akr1a1,Abcd2,
Clstn3,Tspan2,
Slc22a17,Ephx4,
Klc1,Cdh6,
Ahi1,Kcnt2,
Gpm6b,Cpne5,
Gabarapl1,Spint2,
Neurod6,Krt12,
Cdh13,Sdc2,
Pls3,Gng12,
Hsph1,Nr2f2,
Pgm2l1,Fam84a,
Chchd10,Anxa5,
Laptm4b,Spata2l,
Gnai1,Cnn3,
Capza2,Pkib,
Ctsd,Rapgef5,
Syt11,Rtn4rl2,
Mlf2,H2-T23,
Rap1gds1,Ndst3,
Sec62,Hdac9,
Cct8,Lmo4,
Ngfrap1,Slc32a1,
Nrxn3,Hs6st2,
Cox5b,Camk2d,
Celf2,Ephb6,
Prdx2,Rcn1,
Gprasp1,Grm1,
Ndufb9,Kctd4,
Rgs7bp,Homer2,
Eef1a1,Tle4,
Olfm2,Sema3a,
Mllt11,Nrp1,
Atxn10,Grm3,
Uqcrb,Cacna1e,
Cd200,Nyap2,
Cd47,Cntnap5a,
Srsf7,Gria3,
Ctxn1,Anxa6,
Idh3a,Sh3bgrl,
Selk,Ache,
Dync1i1,1190002N15Rik,
Pnoc,Cdh10,
Ndufa11,Wscd1,
Sdhb,Cmpk2,
Lxn,Stk32c,
Uqcrh,Grm7,
Sars,Dock4,
Qpct,Atp6ap1l,
Cadm2,Synj2,
Rab2a,Glra2,
Hint1,Shisa9,
Gde1,Rasd2,
Strbp,Tmeff2,
Omg,Cenpa,
Napa,Fgf13,
Tnmd,Pid1,
Fam49a,Ildr2,
Tubb5,Fam81a,
Sdha,Kcnk2,
Ywhag,Rgs14,
2900011O08Rik,Rab27b,
Rab6b,Gpr12,
Rasgrf1,Psd3,
Edil3,Nbl1,
Cacnb4,Mafb,
Hapln1,9430021M05Rik,
Sh3gl2,Dgat2,
Sdcbp,Thrsp,
Kcnc2,Socs2,
Chodl,Galnt18,
Cadm1,Ptchd4,
Atp5j2,Sesn1,
Tmeff2,Il34,
Syn1,Kcnh1,
Basp1,6330403A02Rik,
Hsd11b1,Gng7,
Gabrb2,Arhgef3,
Ptk2b,Tmem200a,
Grin2b,Timp2,
Igfbp4,Pcdh11x,
Wbp2,Mctp1,
2010107E04Rik,Cpne6,
Atp5h,Cpne4,
Sez6,5031426D15Rik,
Cct7,Adcyap1r1,
Mtch1,Lhx6,
Prkacb,Zdbf2,
Satb1,4930447M23Rik,
Glrb,Icam5,
Atp6v0c,Cacng3,
Atp6v0e2,Me3,
Syngr3,Mbp,
Tmem30a,Limch1,
Eid1,Tspan17,
Sema3c,Ntrk3,
Ttc14,Rasgef1c,
Rit2,H2-D1,
Uqcrq,Cthrc1,
Scgn,Kcns3,
Itfg1,1700001L19Rik,
Adarb2,Spats2l,
Gng4,Rsph9,
Syne1,Ovol2,
B2m,Lgi2,
Camk4,Csmd3,
Mapk10,Lxn,
Nefm,Abhd3,
Stmn4,Ptprz1,
Pfkp,Tpm4,
Celf4,Rorb,
Atp6v1h,Scube1,
Idh3b,Unc13b,
Plcxd2,Me1,
Prdx5,Rilpl1,
Nrsn2,Nacc2,
Caly,Slc35f3,
Snx3,Pex5l,
Gnb4,Ppp1r14c,
Rgs2,Clstn2,
Brk1,Utrn,
Ndfip2,Slc29a1,
Lingo1,Pdzrn3,
Lypd6,Cplx2,
Vdac2,Tank,
Gpi1,Cntnap4,
Crtac1,Osbpl3,
Gng2,Gpx3,
Mt1,Mpped2,
Junb,Dlg1,
Ndufc2,Pcdh17,
Srrm2,Adssl1,
Fam213a,Scn3b,
Mif,Lrrk2,
Nfib,Pcbd1,
Atf4,Hexb,
Map1lc3b,Adra1b,
Fut9,Tcrb,
Atrx,Sel1l3,
Fam19a1,Lgi3,
Atp5o,Syt16,
Cbln2,2510009E07Rik,
Usp14,Hapln4,
Tcf25,Sh3gl3,
Kcnip4,LOC105246327,
Cd24a,Fndc5,
Son,Garnl3,
Mal2,Vldlr,
Cyc1,Ptpre,
Cox6a2,Tspan33,
Prdx1,Hapln1,
Cend1,Fgf9,
Hnrnpu,Col25a1,
Efhd2,Egr4,
Nckap1,Sema4a,
Dynlt3,Cap2,
Uqcrfs1,2010300C02Rik,
Scg3,Prox1,
Timp2,Dhrs7,
Dnaja1,Pde9a,
Rasgrp1,Htr3a,
Ensa,Bmp3,
Asph,Lypd1,
Crip2,Neurod2,
Ube2b,Hlf,
Olfm3,Tenm1,
Pja2,Sertad1,
Rgs12,Fat3,
Srsf5,Nnat,
Rab27b,Sulf2,
Mff,Pcdh9,
Ndufb5,Hsdl2,
Cltc,Rxfp1,
Zfp706,E530001K10Rik,
Ppp1r1a,Metrnl,
Cryab,Trib2,
Ntm,Ypel1,
Rsrp1,Sidt1,
Tmem59,Bcl11b,
Akr1c18,Gpr158,
Saraf,Parva,
Luzp2,Lrrtm2,
Apbb1,Tiparp,
Ntrk2,Arhgef28,
Nsg1,Unc5d,
Psmb1,Sox5,
Idh3g,Mpdz,
Mgst3,Plcb4,
Grina,Atp1b2,
Rab14,Ttc39b,
Ptprn,Ptpro,
Pclo,Creg2,
Npy2r,Rgs12,
Fam171b,Neto1,
Ap2m1,Prss12,
Rbm39,Kctd12,
Sucla2,Lix1,
Atp5d,Slc35f4,
Lrpap1,Rasgrp2,
Klhl13,Tmod1,
Gria1,Rasal1,
Psip1,Kirrel3,
Map1lc3a,Slc9a3r2,
Scoc,Rnd1,
Diras2,Lmo2,
Msmo1,Kcnn2,
C1qtnf4,Fam171a1,
Pnisr,Kcnh7,
Cacybp,Ninj1,
Ndufs7,Npas3,
Bag1,Brinp2,
Arpc2,Gadd45b,
Gls,Lrrtm4,
Hnrnpc,Tnr,
Ociad1,Dpysl3,
Canx,Tm6sf1,
Prepl,Col6a1,
Nr4a1,Lppr3,
Hspa9,2810468N07Rik,
Kidins220,Syt12,
Bex1,Galntl6,
Sv2b,Kcns2,
Mat2b,Fam210b,
Map2k1,Cpne2,
Mtpn,Hcn1,
Kif1a,1110032F04Rik,
Ndufa6,Ap3b1,
Lypd1,BC030500,
Vapa,Pcdh19,
Rgs17,Nwd2,
Gstm5,Chrna4,
Zranb2,Vrk1,
Tpt1,Ramp3,
Pdia3,Glt8d2,
Gas5,Dab1,
Kif5c,Grm2,
Kcnma1,Skil,
Chl1,Msrb2,
Eif4g2,A730017C20Rik,
Rrp1,LOC105243853,
Pitpna,Kcnd3,
Prkcg,Kcnq5,
Fbxw7,Triqk,
Rab1,Mid1ip1,
Vbp1,Ankrd33b,
Arf4,Edil3,
Psma2,Lrrtm1,
Uqcrc2,Myo1b,
Psmc5,Ptprg,
Ank2,Mas1,
Rnpc3,Rims3,
Rtn4,Smc2,
Cisd1,Cdo1,
Dkk3,LOC105245838,
Dnaja2,Hspa2,
Cyp46a1,Sorcs1,
Arf1,Ctps,
Ndufb2,Prmt8,
Ndufb10,Dnajb5,
Sh3bgrl3,Fjx1,
Chchd2,Plxnc1,
Uqcr11,Lingo2,
Erc2,Lppr1,
Csmd3,Ell2,
Ndufs2,Blnk,
Gnb5,Dpp10,
Gars,Bid,
Ndufa5,Snx25,
Tmx2,Sox6,
Trp53i11,Tmeff1,
Stx1a,Smpdl3a,
Rabac1,Chid1,
Slc8a1,Ier3,
Dnajb1,Mapk3,
Elavl4,Klhdc8b,
Ndufa3,Abracl,
A330076H08Rik,Acadm,
Sgk1,Pcsk2,
Eif1b,Ptprr,
Ptgs2,Rgs6,
Psma1,Cd83,
Paip2,Igfbp3,
Nrcam,Mxra7,
Atp5g1,C1ql3,
Cav2,4-Sep,
Stip1,Gadd45a,
Pcsk1,Gfpt2,
Tceal8,Cdk14,
Nrep,Cartpt,
Rac1,Hrh1,
Ndufa10,Pts,
Ifrd1,Twsg1,
Marcks,Cbfb,
Col19a1,Chrm1,
Rock2,Grasp,
Crym,Bai2,
Necap1,Ctnna1,
Syt5,Nr4a2,
Nptx2,Hrh3,
LOC102631912,Pcdh20,
Nek7,Slc7a14,
N28178,Sorl1,
Tshz2,Plxdc2,
Eif5a,Dmd,
Atp1a1,Dcx,
Rnf187,Kcnc4,
Calr,Man1c1,
Erbb4,Kctd6,
Cd164,Hopx,
Mpc2,Extl1,
Caln1,Zfp804a,
Hs3st2,Itgav,
Ckmt1,Kcnc1,
Oxct1,Grik3,
Faim2,Ciart,
Higd1a,Cdc42ep3,
Sptbn1,Ociad2,
Tceb1,Qk,
Cacng3,Fam163b,
ND6,1700019D03Rik,
Lypd6b,Gnal,
Pcdh9,Itpk1,
Rims2,Dennd4a,
Pdhb,Chst1,
Ndufa1,Pdlim1,
Vti1b,Wipf3,
Nap1l1,Cygb,
Cxx1c,Tle1,
Cacna2d3,Zdhhc22,
Zfp207,Kcnd2,
Zfr,Zdhhc14,
A930011O12Rik,B3gnt2,
Vps29,Hs3st4,
Dnm3,Rcan3,
Zmat4,Inpp5j,
Rbx1,Gca,
Prss23,Tnfrsf21,
Snx10,Cdh11,
Rab11a,Slco3a1,
Dstn,Bend5,
Sult4a1,Kcna1,
Csnk1a1,Isoc1,
Slc2a13,Klf5,
Scamp1,Doc2a,
Neto2,Slc24a2,
15-Sep,Fam124a,
Slc12a5,Lmo7,
Kcnip3,Klf7,
Cct5,Plxna4,
Dlgap1,Mcat,
Ralyl,Ldlrad4,
Hpcal1,Pdzd2,
Selm,Ngf,
Ephx4,Pnpo,
Enpp5,Mb21d2,
Ramp1,Epb4.1l2,
Rprm,Igfbp5,
Gpr22,Slc35f1,
Ube3a,St3gal6,
Tubb4b,D630045J12Rik,
Camk2b,Pcdh7,
Ndufb6,Cntn3,
Ncl,Grin2a,
Ube2e3,Hnmt,
Ppp1cb,Mmp16,
Ncam1,Egfl7,
Kif1b,Tfrc,
Hivep2,Zeb1,
Gpsm1,LOC102633357,
Pebp1,Cxxc4,
Ralgapa1,Nppc,
Psmb2,Rgs20,
Arf3,Iqgap2,
Psmd14,Miat,
Syt13,Kcnh3,
Rpl4,1-Mar,
Rpp25,Sntg1,
Ccnh,Kcna4,
Psmb6,Zfp811,
1500011B03Rik,Fam102b,
Tubb3,Chst12,
Ptprz1,Prr16,
AI593442,Gpsm1,
Mtfp1,Mt1,
Fam3c,Cntnap5c,
Homer1,Fam149a,
Mapt,Unc5c,
Rufy3,Pde1b,
Ank3,Tmem158,
Lin7a,Pak7,
Nbea,Cacnb2,
G3bp2,Ccnd2,
Rapgef4,Ak4,
Nxph2,Fah,
Myt1l,Gstt1,
Sema3e,Coro6,
Enc1,Tenm4,
Uchl3,Fut9,
Egr4,Sowahb,
Kcnv1,Lhfpl5,
Pomp,Fgf11,
Arl4a,Cdkl5,
Cntnap2,Dusp10,
Gsto1,Mid2,
Tusc3,Grip1,
Vps35,Limd2,
Necab2,Rgs2,
Cdip1,Kcna3,
Rab7,Gabra4,
Tmeff1,Rasl11a,
Macf1,Nlgn1,
Laptm4a,Lynx1,
Ndufa9,Lrrc6,
Nell2,Phlda1,
Dusp1,Zfp467,
BC031181,Pvt1,
Bzw1,Chrm2,
Lmo4,Zbtb20,
Ubl3,Cdk19,
Spon1,Trpc4,
Fam126b,Tpbg,
Dlx1as,Prkcdbp,
E530001K10Rik,Asic2,
Gprasp2,Slc6a7,
Atp6v1f,LOC105246134,
Ndufb3,Slc2a13,
Rbm25,Tcerg1l,
Btbd10,Plxdc1,
Aco2,Cyb561,
Psma6,Abcg2,
Hmgcs1,Hap1,
Reep5,Pxdn,
Cit,Tmtc4,
Arhgap5,Nav1,
Pcbp3,Tnfrsf12a,
Rogdi,Adcy8,
Trim2,Coro1c,
Csdc2,Resp18,
Nudt4,Wnt4,
Gm11549,Zscan18,
Sumo3,Pde8b,
Tm9sf2,B230216N24Rik,
Ppp1r1b,Cntnap2,
Cyb5a,Gpr176,
Gpx4,Mkx,
Ppt1,Sox2,
Arpc3,Plxna2,
Psma7,Kazn,
Pnck,Fam189a1,
Crem,Gadd45g,
Epha4,Ajap1,
Suclg1,Paqr7,
Xbp1,B3galt1,
Chga,Tmem218,
Actg1,Elfn1,
St3gal5,Igsf3,
Reps2,Trim62,
Abat,A830018L16Rik,
Cpne7,Asic1,
Acsl3,Runx1t1,
Nap1l2,P4ha2,
Trim9,Klhl5,
Srsf3,Numb,
Etv1,Akr1b10,
Srrm1,Rspo3,
Grik2,Bcl11a,
Cntn1,Tmtc1,
Psmc1,Lrp1b,
Kif21a,Rbms1,
Slc7a3,Phlda3,
Sv2a,Incenp,
Dctn3,Ostf1,
Polr2m,Herc6,
Slc24a3,Kcnmb4,
Gdi2,P2rx4,
Timm8b,Chst2,
Gabarap,Dscam,
Grm5,Tmem132d,
Camkv,Mtss1,
Atp2c1,Trpc3,
Cct3,4930452B06Rik,
Spop,Csgalnact1,
Cbln4,Ptprd,
Myo5a,Fam26e,
Cct4,Pip5k1b,
Tmem35,Tox2,
Epdr1,Slc22a23,
Nedd8,Kctd1,
Dad1,Dcbld1,
Arl8b,Sdc3,
Rragb,Trpc5,
Zbtb20,Itm2a,
Rora,Ptprf,
Ddit4l,Rspo2,
Pcdh8,Lipa,
Ssb,Etl4,
Lamp1,Acadl,
Bsn,Rimbp2,
Copg1,Prkca,
Ccnd2,5031439G07Rik,
Gm7743,Tmem145,
Pak3,Klhdc8a,
Scn2a1,Fosl2,
1110004F10Rik,Il11ra1,
Yaf2,Tppp3,
Galnt9,Cpeb2,
Cdkn1a,Gpr3,
Ptplad1,Cxcl12,
Mpped1,Tox,
Slc4a10,Kitl,
Kif3a,Hist1h2bc,
Mical2,Plekha6,
Egr3,Mtus1,
Camk1,Esrrg,
Sdhd,Peak1,
LOC101056001,Nab2,
Kcnab1,Ppm1m,
Abhd12,Krt1,
Rnf11,Rai2,
Purb,Ctgf,
Rbfox1,Brinp1,
Miat,Sorbs2,
Fmnl1,Acbd4,
Stx7,Rap1gap2,
Ndufc1,Frmpd3,
Tmem9b,Slc17a6,
Tppp,Slc2a1,
Mob4,Npy5r,
Tcp1,Tmem132b,
Emc4,St8sia4,
Spcs1,Trpc6,
Mycbp2,Mtcl1,
Myl6,Mfsd4,
Slc3a2,Ust,
Psmd1,Sema6a,
Sptan1,Slitrk2,
Igsf8,Opn3,
Ndufv1,Stac2,
Gria3,Drc1,
Ppp1ca,Dsel,
Hnrnpdl,Dlx2,
B3galnt1,Igsf9b,
Eif5,Gpr88,
Npdc1,Ifit2,
Trank1,Scn3a,
Pfkm,Ctxn2,
Cnih1,Pou3f2,
Parm1,Htr1f,
Hnrnph1,Bmp1,
Kalrn,Zfp825,
Kcnf1,Arl4a,
Ociad2,Ramp2,
Scn8a,Ptchd2,
Dnm1l,Tshz3,
Rorb,Sptb,
Scn1a,Etv5,
Phyh,Pyurf,
Npy1r,Gprin3,
Cox14,5330434G04Rik,
Ngef,Elavl2,
Grcc10,Jun,
Limch1,LOC105246694,
Kifap3,Nfkbia,
Gabrg1,Nos1ap,
Cntn4,Gabrg3,
Actr1b,Ano4,
Ube2d3,Lrrc4,
Stk25,Osbpl1a,
Kcnb1,Klf3,
Map2,Tubb2b,
Slc39a10,Sgms1,
Xist,Gpr22,
Ifitm10,BC030499,
Pcsk2,Rnf39,
Elovl4,Rbm24,
Swi5,Pbx1,
Wasf1,Efna5,
Car2,Frmd6,
Ubl5,Gtf2h2,
D10Bwg1379e,Adra1a,
Unc80,Slc12a2,
Tax1bp1,Pcdh18,
Nedd4,1810041L15Rik,
Ankrd46,Inf2,
Calm3,Egfem1,
Thsd7a,Sstr1,
Vamp1,Klhl4,
Smim14,Kctd8,
Ndufa2,Nkain2,
Minos1,Dscaml1,
Bnip3,Ryr3,
Rxfp1,Sema6d,
Ctsl,Msmo1,
Psmc6,Serpinb8,
Ddx1,Cidea,
Nkiras1,Nrg1,
Cdr1,St3gal5,
Ssbp2,Fam184a,
Gabrb1,Grb14,
Dgkb,Gsg1l,
Kctd6,Rgs9,
Itpka,D130043K22Rik,
Pdia6,Dusp18,
Srp14,Slc27a1,
Lrrc4c,G0s2,
Gria4,Cacna1g,
Tmem151a,Pcdh15,
Adcyap1,Usp2,
Inpp5f,Epha6,
Pamr1,Vegfa,
Atp5k,4930430F08Rik,
Brinp3,Galk1,
Ap1s1,Aifm3,
Sorbs1,Ddit4l,
Mt3,Snca,
B3galt2,Gpr123,
Wls,Cd24a,
Mgll,Lrrc75a,
Mgp,Kcnb2,
Mgat4c,Bean1,
Dmxl2,Scg2,
Coa3,A830082K12Rik,
Grin3a,Klhl40,
Rab18,Arhgef15,
Tmem50a,Nr4a3,
Ak5,Rasgrf1,
Pantr1,Sowaha,
Mtch2,Spns2,
Ypel5,Lrfn5,
Mas1,Lhpp,
Vmp1,Cntn5,
Cdh9,Relt,
Krt73,Tmem35,
Ankrd12,Tgfb1i1,
Dgkh,A230006K03Rik,
Mbnl2,Pls3,
Etnk1,Arid5b,
Pcdh7,Jup,
Ano3,Matn2,
Rps3,H2-DMa,
Tia1,Grb10,
Dmtn,Ralyl,
Spock1,Cxxc5,
Thy1,Vstm2l,
Ftl1,Ppcdc,
Pam,Smad3,
BC005561,Tnfaip8l3,
Col6a1,Slit1,
Cfl2,Htr2a,
Capzb,Ptgs1,
Gm11223,Pld5,
Map2k4,A330102I10Rik,
Hspa4l,Cdh7,
Arpc5,Tox3,
Pik3r1,Khdrbs2,
Zbtb18,2610034B18Rik,
Vps41,Hpcal4,
Dmd,LOC105244000,
Ndufa7,Sh3rf3,
Plcb1,Ppapdc1a,
Ivns1abp,Plch2,
Arhgdig,Wdpcp,
Vps28,Bcar3,
Pkia,Pmepa1,
Ap2s1,Dcdc2a,
Atp6v0d1,Trmt2b,
S100a10,Hpca,
Apc,Unc5a,
Nyap2,Ptchd1,
Tmx4,Dclk3,
Kras,Pou3f3,
Prps1,Plk2,
Pdha1,Agpat4,
Ndufs4,Mast4,
Negr1,Cers6,
Clip3,Drd1,
Cadps,Lsm11,
Cbx5,Slc6a6,
Synj1,Ethe1,
Pafah1b2,Echdc2,
Podxl2,Gpsm2,
Acot13,Slc8a1,
Cplx2,Neurod1,
Foxp1,Rin1,
Map9,Trim66,
2900055J20Rik,Rerg,
11-Sep,Serpina3n,
Tceb2,9630033F20Rik,
Atp6v0a1,Cdc42ep2,
Bhlhe40,Epha10,
Bclaf1,Ptp4a3,
Spcs2,Hunk,
Pcmt1,Tmem163,
Camk2d,Ppcs,
Ndufs1,Pgm1,
Snap91,Tnfaip8l1,
Sf3b6,Rab34,
Park7,Vwc2l,
Smim13,Tenm3,
Alg2,Dleu2,
Clns1a,Dcc,
Atp6v1g1,Tshz1,
Zfand5,Racgap1,
Psma3,Epb4.1l4b,
Gm13889,Nr2f1,
Extl2,Nmral1,
Hdac9,Sipa1l2,
Hsd17b12,Dtx4,
Pde2a,Nudt4,
Fam131a,Fam19a5,
Stxbp5l,Hrh2,
Clcn4-2,Zeb2,
Mia,Chrd,
Cetn3,Auts2,
Ndufa8,Ankrd34b,
Nsg2,Tnfrsf19,
Fkbp4,4930447C04Rik,
Smarca2,Gabbr2,
Psmd2,Man1a,
Cops6,Sipa1l1,
Sod1,Tcap,
Dctn2,Nfia,
Eml5,Tmem86a,
Ran,Kcnj12,
Cap2,Shisa6,
Sncg,Plagl1,
Atl1,Dpysl5,
C1d,Ephx2,
Ly6h,Nmrk1,
Slc7a4,Nrg3,
Rasl11a,Kcnk4,
Lpgat1,Wfs1,
Amigo2,Rgs7,
Txnl4a,Vstm2a,
Srpk2,Lzts1,
Prmt2,Lrrc55,
Bcap31,Dbpht2,
Sort1,Camk2a,
Lppr4,Efnb2,
Bend6,Macrod1,
Rraga,Eps8,
Ube2w,Pitpnm3,
Atad1,Prdx6,
Ift57,Kctd16,
Herpud1,Zfp385b,
Ids,Tpd52,
LOC105242387,Id4,
Psmc3,Arhgap25,
Cul1,S100a6,
Map4,Fam53b,
Ccdc136,Tmem255a,
8-Sep,Vwc2,
Cacna2d1,Ablim3,
Frrs1l,Npas2,
Dlg1,Paqr8,
Gpr123,Car2,
Actr10,9530091C08Rik,
Arpc5l,Ptpn3,
Emc7,A730020E08Rik,
Grm7,Asb11,
Prox1,Kcnk3,
Cnksr2,Srgap3,
Mcts1,Hbegf,
Npas1,Fam132a,
Atp9a,Lrrtm3,
Cpne2,Bhlhe22,
Ube2ql1,Il1rapl2,
Cfdp1,Aqp11,
Asap1,Camkv,
Uap1,Ltk,
Dusp6,9530059O14Rik,
Gabbr1,Frmd4a,
Vdac3,2010204K13Rik,
Slc25a11,Camk2n2,
Pithd1,Poc1a,
Uqcr10,Arid5a,
Pnn,Serpini1,
Myeov2,Flna,
Ccnl2,Cib2,
Adcy1,Grhl1,
Prpf4b,B9d2,
Fam46a,Jam2,
Rnd2,Slc1a1,
A830010M20Rik,LOC102632463,
Pdxp,Lrch1,
Kmt2e,Tmem108,
Dmtf1,Lrrc4c,
Clta,Sh3bgrl2,
Phactr1,Chsy3,
Zfp445,Net1,
Mrpl42,Ankrd6,
Pnpla8,Dpy19l3,
Kcnc1,Hes1,
Fis1,Gucy2g,
Aak1,Akap13,
Psmb4,Dlc1,
Lmo1,2900092D14Rik,
Tspan31,Asap2,
Nemf,Mgll,
Uba1,Napepld,
Mest,Asic4,
3-Sep,Mmgt2,
Pacsin1,Rgs16,
Galnt14,Rspo1,
Ndufs8,Steap2,
Hagh,Htr2c,
Fdft1,6430573F11Rik,
Chuk,Npy2r,
Kcna2,Amn,
Ewsr1,C630043F03Rik,
Cd34,Lpl,
Gmfb,2810032G03Rik,
Dok5,Ctdspl,
Chordc1,Zfp385a,
Coch,Slit2,
Cfap36,Cdk18,
Zfp365,Mgat5b,
Dzip3,Phactr1,
Psmd12,N4bp3,
Il11ra1,Pdyn,
Higd2a,S100b,
Elavl2,Zdhhc23,
Matk,Cdh18,
Ddit3,Prdm8,
Dld,Marcks,
Rufy2,Galnt13,
Plekhb2,Tspan4,
Gpr83,Crhr1,
Ostn,9-Sep,
Atraid,Il18,
Scamp5,Lmo1,
Cd63,Cntn2,
Gabra4,LOC105245487,
Gpr158,Ptpru,
Eef1e1,D630023F18Rik,
Ppapdc1a,Exph5,
Cript,Pafah1b3,
Tuba1b,Il1rapl1,
Ndufs6,Chml,
Txnl1,2900055J20Rik,
Ncor1,Aff2,
Ftx,LOC105244637,
Fhl1,Robo1,
Scn1b,A830009L08Rik,
Herc1,Vwa1,
Cp,Tiam1,
Srsf11,Rassf3,
Usp11,Aldh1b1,
Abi2,Tmem117,
Psmc2,Rgcc,
Bcat1,Clmp,
Tro,Appl2,
Cope,Slc27a2,
Celf1,Wbscr17,
Tpm1,Gabrb1,
Stx12,Lhfpl3,
Ostf1,Gdpd5,
Igfbp5,Mkl2,
Pcdh17,Epha5,
Cnrip1,Slc41a1,
Hdac2,Slc7a1,
Ddx24,Hcn3,
Slc25a12,Apeh,
Cnot7,Baalc,
6430548M08Rik,Ppfia4,
Zfp260,Zbtb16,
Mast3,Cyp7b1,
Dst,Cbfa2t3,
Ahcyl1,Epb4.1,
Phip,Slitrk1,
Ctnnb1,Bmper,
Aamp,Sez6l,
Mzt1,Plcl1,
Zmat2,Map2k6,
Eif4h,6330416G13Rik,
Eif4e,6430548M08Rik,
Igfbp6,Gse1,
Hcn1,Pstpip2,
Pfkl,Wnt10a,
Bcas2,Syne2,
Tceal1,Nr3c2,
Npm1,Csmd1,
Scrg1,Il12a,
Neto1,Kazald1,
Srek1,Cux2,
Rgs8,Mrap2,
Cops3,Cotl1,
Thoc2,Dlgap2,
Ptov1,B3glct,
Ik,Flt3,
Fxyd7,Trib1,
Ndufb11,Sall2,
Akap9,Gcnt2,
Fstl5,Kcnj3,
Prdx3,Lhx2,
Adam22,Ankrd35,
Yars,Ctnnb1,
Kcnt2,Eif4ebp1,
Ptpn4,Spock1,
Ywhaq,Csmd2,
Cpsf6,Pcsk5,
Fdps,LOC102637409,
Tmsb10,Slc7a5,
Ppa1,E2f1,
Ppp2r2b,Gap43,
Eif3c,Il17ra,
Uba3,Camk2n1,
Puf60,Ndnf,
Mrfap1,Gpm6b,
Nptx1,Gabra1,
Fam49b,Nos1,
Prpf39,Sox11,
Fyttd1,Hip1,
Lrrn3,Dock10,
Ptpn5,Serinc2,
Nudt19,Fstl1,
Ttc9b,Acsl3,
Opcml,B3gat1,
Psmd6,Cacng5,
Psmc4,Erc2,
Arpc1a,Rwdd3,
Vamp4,Hs3st5,
Cenpa,Adcy1,
Clstn2,Coro1a,
Aes,Ppfibp1,
Clcn3,Scn1a,
Sec11c,Thap3,
Habp4,Spsb1,
Nek1,Zfp608,
Nisch,Crim1,
Nhp2l1,Opcml,
Atp5e,Kcnh5,
Tcaf1,Egln3,
Fgfr1op2,Fcor,
Rap1b,LOC102634502,
Dgkg,Larp1b,
Hnrnph2,Chst15,
Kcnk1,Vat1l,
Timm17a,Gnaz,
Pura,Nfatc2,
Mrps14,Neu2,
Cops4,Per3,
Atxn7l3b,Arnt2,
2510003E04Rik,Nkain4,
Psd3,Stard10,
Cct6a,Cdh2,
Dpp10,Whrn,
Akap8l,Srd5a1,
Srsf1,Golm1,
Nppc,Arhgef6,
Zfp871,Ephb1,
Ergic3,Golga7b,
Chmp5,Pxdc1,
Ndufv3,Tjp1,
Rbm5,Bcl6,
Gabrd,2900026A02Rik,
St8sia3,Sema5b,
Cycs,Ece1,
Sf3b2,Pde5a,
Cuedc2,Palmd,
Trim44,Chl1,
Slc23a2,Plekhb1,
Txn1,Maob,
Marcksl1,Rell1,
Cnih3,Pla2g7,
Klhdc3,1810010H24Rik,
Ccdc88a,Inhba,
Klhdc2,Rnf152,
Pcdh20,LOC102636700,
Rgs7,H2-T22,
Pink1,Nupr1,
Dctn6,Epha3,
Armcx1,Tshz2,
Deptor,Etv6,
Kcnip2,Efnb3,
Scai,Igfbp7,
Nop10,A830021M18Rik,
Pip5k1c,9130024F11Rik,
Sfr1,Serpinb9,
Dnajc7,Rhobtb3,
Fezf2,Cdh4,
Aars,Col5a1,
Esd,Adam19,
Cmpk1,Myo5b,
Arxes2,Srrm4,
Spag9,Ccdc136,
Gpx1,Fhad1,
Wdr1,Syt7,
Fam174a,Pde2a,
Hspe1,Samd14,
Mmp17,C230057M02Rik,
Anks1b,Ccdc138,
Tmem167,Cited1,
Vrk1,Scrn1,
Ttc4,Gpc6,
Aktip,Nrtn,
Txn2,Chrm3,
Mybpc1,9230114K14Rik,
Rwdd2a,Moxd1,
Tango2,Tmem178,
2610001J05Rik,Frzb,
Cdc42se2,Gfm2,
Ist1,Cdh22,
Magi3,Hspb3,
Tanc2,Pfkfb3,
Lppr5,Ntm,
A830018L16Rik,Samd5,
Peg3,Adamtsl2,
Dlx1,Gatm,
Lrrtm1,Orai2,
Tmem147,Ltbp3,
Rnf13,Grpr,
Sumo1,St8sia5,
Necab3,Decr1,
Nt5c3,Slc16a11,
Ggnbp2,Lgi1,
Eif3a,Rph3a,
9330159F19Rik,Timp3,
Cs,Kcns1,
Slc20a1,Cast,
Lmbrd1,Tmem53,
Dnajc5,Arhgap24,
Psmd4,Psd2,
Ndufa12,Ccnd1,
Socs5,Pparg,
Adk,Gpr26,
Fam134a,Abcc4,
Dzank1,Apool,
Rasl10a,Bhlhe41,
Arap2,Zfp189,
Rps11,Eogt,
Tcap,LOC102635502,
Cept1,Cntnap3,
Garnl3,Fbxo32,
Sh3gl3,Phactr2,
Drg1,Tmem229a,
Crispld2,Spag6,
Pin1,Sgcz,
Ttll7,Syt5,
Tmod2,LOC102636041,
Cdk17,Adrb1,
Ier5,Lsamp,
Atp1b3,Nxph2,
Psmd7,Fndc3b,
Lmo3,Nog,
Col25a1,Ntng1,
Gdap1,Sertm1,
St8sia5,Lbh,
Gtf2h5,Btg2,
Herc3,Adra2c,
S100b,Usp35,
Tspan5,Ttyh1,
Ptprt,Plekho1,
Camta1,Fam43a,
Pde4b,Ier5l,
Hmgn3,Casp3,
Dazap2,Unc13c,
Slc38a1,Dock11,
Htra1,Slc39a11,
Psma4,Sorcs2,
Eps15,Ankrd34c,
Copa,Sox4,
Enho,Hsd11b1,
Ppid,Tmem74,
Khdrbs3,Casz1,
Ssu72,Fgf10,
Hdgfrp3,D8Ertd82e,
Blcap,Fam3c,
Dpy19l1,Fkbp9,
Tmem65,Tnnt2,
Coro1a,11-Mar,
Cdk5r1,Ptgs2,
Prkar2b,Ackr3,
Slc25a46,Dbndd2,
Rbm18,4933412E12Rik,
Cops7a,Chst11,
Dap3,Hmgn5,
Rab26,Gstm1,
Ly6g6e,Hrk,
Cdc123,Synm,
2210013O21Rik,Amotl1,
Cited2,Thrb,
Cspg5,Snx8,
H2afz,Dtna,
Dnajb4,Mir99ahg,
Phf20l1,Hmox1,
Akap11,Mthfd1l,
Sar1b,Fbxo10,
Gabrb3,Kcnj4,
Sstr2,Otud7b,
Tfg,Sstr4,
Fundc1,Ptgfrn,
Gnao1,Nkain3,
Rnf112,Wnt2,
Rab15,Sipa1,
Ppig,Erich3,
Ppp1r12a,Prr13,
Sec61a2,Myh7,
Pfn1,Tekt5,
Cops5,Col4a1,
Rpn1,Manba,
Nfix,AI593442,
Ptk2,Xkr6,
Atp11b,Lats2,
Pdcd6,Slc8a3,
Taok1,Ank1,
Cnih2,Bcan,
Rbfox3,Tmem132c,
Dkkl1,Spry2,
Far1,Tspan12,
Ptprs,Ctbp2,
Naa20,LOC100503338,
Tenm1,Anks1,
Ahsa1,Mcm6,
Rsrc2,Foxp2,
Nceh1,Nceh1,
Morf4l1,Tmem243,
Tm2d2,Fmn1,
Fkbp8,Slit3,
Stxbp6,Lrrc38,
Il1rap,Ntn5,
Ranbp1,Fancd2,
Dpp6,Sh3gl2,
Auh,Rnf146,
Ugcg,Rab31,
Bcap29,Sdk2,
Tmem47,Acot5,
Mien1,Prkg2,
Car10,1700001O22Rik,
4833439L19Rik,Clic4,
Bhlhb9,Slc4a4,
Trh,Itga8,
Cdh12,Vipr1,
Shfm1,Grem2,
Osbpl8,Pdzrn4,
Slc7a14,Stard5,
Inhba,Ahr,
Eef1b2,Tspan9,
Pcdh10,Cables1,
Slc6a17,Foxo1,
Rph3a,Acvr1c,
Guk1,Mycn,
Pmm1,Nxph3,
Pqbp1,Cnp,
Cox7c,Efcab6,
Cltb,Chrna7,
Med28,LOC102638670,
Actr3b,A230070E04Rik,
Camk1g,Dennd2a,
Uqcc2,Rgs17,
Tmem50b,Nt5dc2,
Epm2aip1,Amigo2,
Sphkap,Rxrg,
Psat1,Sntb2,
Zfand6,Boc,
Gpcpd1,Zfp827,
Aig1,Fxyd5,
Nr2f2,Aldh1a1,
Braf,Egfr,
Srm,Tgfb3,
Id3,1110008P14Rik,
Caprin1,Rab3c,
Mapk9,Cd55,
Emc2,Fgfr1,
Lrp11,Rem2,
Nrd1,Gucy1b3,
2700089E24Rik,Gpr125,
Hcfc1r1,C130074G19Rik,
Slc35g2,Sox1,
Pcdh11x,Hcrtr2,
Bscl2,Myo1e,
Ubqln1,Chrna5,
Sacm1l,Fyn,
Pacsin2,Ripply2,
Disp2,Chst8,
Atp8a1,Sorbs1,
H2-T23,Actn2,
Rgmb,Gria1,
Gabra5,Etnk2,
Gadd45b,Tmem132e,
5031426D15Rik,Tmem150c,
Exoc3,Rragb,
Meis2,Syt6,
Luc7l2,S1pr5,
Anapc5,Psrc1,
Hk1,Cd59a,
Ash1l,LOC105243425,
Tprgl,Cyp2j6,
Trappc6b,Trio,
Snrpb,LOC105244038,
Eri3,2310067E19Rik,
Tmem178,Dusp23,
Zmym6,Crlf1,
Rev3l,Grm4,
Fubp1,Pvrl1,
Eif4a1,6330403K07Rik,
Sox2ot,LOC105244162,
4-Sep,Ncan,
Nicn1,Elovl4,
Tm2d3,Gpr150,
Ldb2,Cited4,
Rps14,Pde11a,
Pdlim3,Tunar,
Acat1,Slc44a5,
Usp33,Runx2,
Pde10a,Sema7a,
Naca,Cmbl,
Fndc5,Oxtr,
Mrpl20,LOC105244249,
Tmx1,Astn2,
Camk2a,Limk1,
Trhde,Mobp,
Tsn,Mfap2,
Magi2,Smco3,
Orc4,Prkg1,
Ola1,Ccdc80,
R3hdm2,Ccdc3,
Ppp3cb,Dll3,
Btbd3,Entpd3,
Ostc,Thbs2,
Shroom2,Lin28b,
Plcxd3,Zbtb46,
Ddx3x,C130030K03Rik,
Azin1,Rarb,
Tmed4,Enox2,
Eef2,Efemp2,
Pvrl3,LOC105245598,
Rims3,Lor,
Cct2,Fbxw7,
Edf1,Sec14l2,
Eprs,Cacna1a,
Mapk4,4833422C13Rik,
Wdfy3,Grp,
Ptpra,Ubtd1,
Sar1a,Pde7b,
Brwd1,Pycr1,
Dusp26,Gabrb2,
Snx32,Hkdc1,
Snx7,Ccdc88c,
4932438A13Rik,Golim4,
Fam178a,Kank3,
Mcfd2,Slc26a4,
Polr2g,Tgfb2,
Srp19,Fat1,
Herc2,Gria4,
Nktr,Arhgap18,
B230216N24Rik,Apoe,
Serbp1,Rab42,
Pten,Crispld1,
Astn1,Dusp5,
Vps13b,Rnf144a,
Atp6ap1l,Trps1,
Mlip,Cdyl,
Ccl27a,Wnt5a,
Syngr1,Col26a1,
Sod2,Met,
Akap7,Tmem215,
Timp3,Lancl3,
Amph,Grid2,
Plcb4,Rasd1,
Nav3,Ccdc74a,
Rnf128,Efna1,
Mmd,Rnf144b,
Clpp,Glra3,
Napg,Jph4,
Tmem222,Rin2,
Zc3h15,Asph,
Tmem33,Kcnk1,
Armc8,Fgf1,
Farsb,A330040F15Rik,
Gnl3l,Tmem176b,
Tmem38a,3300002P13Rik,
Dtd1,Zfp462,
Tm9sf3,Zfp703,
Med21,Chp1,
Tpbg,Dclre1b,
Sfxn3,AW551984,
Psmd8,Zfp575,
Cds2,Col9a2,
Pdrg1,Akap12,
Trim37,Npnt,
Flywch1,1700017B05Rik,
Fst,Mal2,
Ddx3y,Igfn1,
Atp1b2,Sec24d,
Gstp1,Slc24a4,
Slc25a22,Ephx1,
Lamtor5,Fam131c,
Nenf,2610100L16Rik,
Mapre2,Myh14,
Klhl7,Sema4g,
Chmp2a,H2-M3,
Sat1,R3hdm1,
Dlg2,Arhgap31,
Stk32c,Nrcam,
Cyfip2,Pard6g,
Cmip,Id3,
Sytl2,Hcn2,
Crmp1,Gpc4,
Serp2,Mcur1,
Ina,Pou3f1,
Fkbp2,Sgpp2,
Copz1,Tbc1d8b,
Adra1b,Pcsk4,
Hn1,Trim59,
Hecw1,Fam184b,
Grik1,Gpr56,
Paics,Myo16,
1810037I17Rik,Vgf,
Ccdc47,Olfm2,
Zc2hc1a,Gjd2,
U2surp,Mdm1,
Cdk5,Tnnt1,
Ube2n,Kcng1,
Rprml,Pde4d,
Metap1d,LOC105243282,
Atat1,Gsn,
Dpysl2,Sh3rf1,
Sema5a,Htr1a,
Cacna1e,Spry1,
Kcnq2,Itgb8,
Tle4,Cdr2,
Sfpq,Pgm2l1,
Sorcs3,Htr7,
Gpbp1,Mcfd2,
Kcna1,Syt10,
Soga3,Syt13,
Bod1l,Lamc2,
AI413582,Hebp2,
Spryd7,Maml3,
Luc7l3,Prex1,
Cxcl12,Elovl7,
Eif3i,Reps2,
Evi5,Phgdh,
Jam2,Egr2,
Atf2,Hivep2,
Pkig,Fras1,
Eif1a,Wisp1,
Tsg101,Srrm3,
Bai3,Cd68,
Akap6,Lamb1,
Impa1,Sp9,
Moxd1,Qrfpr,
Immt,Cplx1,
Uba2,Slc22a4,
Syndig1,Zfpm2,
Snrpd1,Gstm7,
Tspan6,2310030G06Rik,
Appl1,Dact2,
Csde1,Cp,
LOC105243853,Hsbp1l1,
Strn4,Hs6st3,
Rpl41,Fads6,
Pcdh18,Ass1,
Slitrk4,Nnmt,
Uchl5,Gcnt4,
Chchd6,Masp1,
Dhx36,Efcab1,
8430419L09Rik,Skap2,
Cttnbp2,Cyp46a1,
Cox17,Cacna2d2,
Nae1,Grik4,
Strap,Col6a2,
Lysmd2,Pwwp2b,
Tmem176b,Prss22,
Frmpd4,Wif1,
Rb1cc1,Plp2,
Fbxo9,Fam49a,
Slc5a7,Dpp4,
Tmem106b,Scx,
Lrrtm3,Lpgat1,
Mkl2,Skap1,
Ablim1,Cabp1,
Vopp1,9430038I01Rik,
Abce1,Tmem130,
Itpr1,As3mt,
Ier3ip1,LOC432842,
Gadd45a,Rassf2,
A230073K19Rik,Ehd4,
Pnkd,Hhatl,
Lsamp,Lrrc16a,
Gm33298,Sox8,
LOC102632463,Ifit3,
Unc13c,Cd7,
Ephx2,Mtfp1,
Nfx1,Inpp4b,
Tmx3,Pgam2,
Fbxl16,Rbfox1,
Sbds,Stk26,
Naa50,Wasf1,
Hspd1,Alk,
Crabp1,Ascl1,
2700060E02Rik,LOC105246301,
Serpinf1,Gsto1,
Rpn2,Slc16a2,
Ilf2,Cdh20,
Tmem163,Acot1,
Churc1,Stxbp3a,
Ddah1,Pygm,
Ccar1,Acer2,
Trappc2l,Susd2,
Nap1l3,Plekhh2,
Cdipt,Tanc1,
Sirpa,Scn7a,
Gtdc1,Haus4,
Epha5,Cemip,
Degs1,Hsd17b12,
B4gat1,LOC105246020,
Sorbs2,Abi3bp,
Dync1h1,Nr2e1,
Tpd52,Abhd16a,
Tmem68,Pde1c,
Cstf3,Zdhhc12,
Cep19,Ube2l6,
Dtna,Bambi,
LOC105243425,Hebp1,
A230006K03Rik,Tgfbr1,
Nap1l4,Fam196a,
Oaz1,Mef2c,
Gnaq,Mcc,
Rnf220,Mme,
Arl2bp,Ppp1r1a,
Ddx17,Plekha2,
Fh1,Fxyd1,
Commd3,Tpm2,
Gucy1a3,Sh2d7,
Etl4,St3gal1,
Adcyap1r1,Npas4,
Ttc33,Kcnmb4os2,
Mkrn1,Grk5,
Sgta,Ankrd44,
Rpl22l1,LOC102640573,
A330023F24Rik,Slc41a3,
Bicd1,Mybpc1,
Jak1,Nedd9,
Bcl11a,Snrpn,
Enah,Ttc9b,
Ppme1,Adamts3,
Me3,Ccdc109b,
Osbpl3,Ldoc1,
Mga,Elk3,
Tmem196,Fam213a,
Chst1,Rapgef3,
Fbxo3,Npl,
Wdr47,Tbata,
Prrc2c,Traf6,
Tardbp,Sytl5,
Blnk,Aldh1l1,
Isoc1,Sall1,
Gnb2l1,Baiap2l2,
Cldnd1,Aloxe3,
Praf2,Slc16a14,
Zfml,Shisa8,
Ddx26b,Dact1,
Snrpd3,Islr2,
Rabgap1,Syce2,
Ppp1r9a,Tmsb10,
Fopnl,Alox8,
Cyth2,Tph2,
Rtcb,Sema6c,
Fhl2,Spag5,
Tesc,Hgf,
Bbs4,Fosb,
Rictor,Fibcd1,
Srsf6,Smim3,
Fzd3,Ncald,
Smim7,Rreb1,
Huwe1,Mro,
Dnajc8,Cep112,
Kmt2a,Usp27x,
Cul2,Thsd7b,
Dpm1,Cyp4x1,
Wsb2,Hes5,
Abr,C2cd4b,
Sgcb,Smoc2,
Mpv17,Aard,
Clk4,Cald1,
Myo9a,Efhd2,
Txndc15,AI115009,
Smdt1,Rgs3,
Zfp62,Arhgap10,
Nrbp1,Atf5,
Shank1,Kcnj2,
Gnb1,Car12,
Map7d2,Rai14,
Ufd1l,Camk1,
Tomm70a,Rnf182,
Strn3,Pgf,
Trappc4,Dhrs3,
Rbms3,BC049635,
Ppp1r11,Sh3pxd2b,
Arid4b,Prkacb,
Sdf4,Intu,
Fam212b,Dmkn,
Rabgap1l,Pth1r,
Cnn3,LOC102640042,
Kantr,Irak2,
1500009L16Rik,Angpt1,
Hras,Arhgap22,
Pcbp1,Srgap1,
Cops8,Plk5,
Pitpnc1,Tppp,
Srgap3,Trpc7,
Qdpr,2310040G24Rik,
Ndufs3,3632454L22Rik,
Unc13b,Gnai1,
Coq7,Trpm3,
Ndrg2,Igsf11,
Rpl21,Hars,
Slc38a2,Pik3r6,
Srp9,A230077H06Rik,
Tcerg1l,Adra2a,
Stau2,Pllp,
Mtmr6,Pak1,
P4ha1,Arhgdib,
Zfp938,F730043M19Rik,
Ap3m2,Vav2,
Pop5,Col24a1,
Nipsnap3b,Sntg2,
Pfdn5,Nrxn3,
Emc10,Arhgap29,
Kctd13,LOC105245978,
Robo2,Slc6a11,
Adora1,Cmya5,
Lurap1l,Popdc3,
Tsc22d3,Lpar1,
Kpna1,3-Mar,
Atcay,Fam126a,
Slc25a14,Acrbp,
AW549877,LOC105244060,
Dars,Atl1,
Lrrc8b,Fam181b,
Atp2b4,Prr5,
Mgea5,Ube2cbp,
Spred1,Strip2,
Rnd3,Sla,
Ipcef1,Mn1,
Rbmx,Slc23a3,
Man1a2,C130026L21Rik,
Clock,Alox5ap,
Tmem55a,Adamts17,
Comt,Cit,
Sri,Fam198b,
B230217C12Rik,B3galt5,
Pfdn1,Cd6,
Zeb2,Agpat9,
Flrt3,C030013G03Rik,
Usp46,Bend6,
Ank,Khdrbs3,
Fam195b,Cldn1,
Ccser2,St6gal1,
Ddx25,Usp6nl,
Pisd-ps1,Pdia5,
Glra2,Pbx3,
D430041D05Rik,E230016M11Rik,
Tspyl1,AF529169,
Scd2,Nudt7,
Grp,Thbs3,
Lgi1,C77080,
Sfxn1,Rbfox3,
Gcc2,Fam150b,
Naa60,Enkur,
Rabggtb,Ly6g6e,
Shisa4,Ptgds,
Cops2,Gpr133,
Rasgrf2,LOC100861727,
Vps4a,Ccdc171,
Acly,Bin1,
Lphn1,Pag1,
Dctn5,Wnt9a,
Cdc42bpa,Zfp57,
Igfbp3,Hspa1b,
Rsl1d1,Sh3d19,
Tgoln1,Sostdc1,
Ppm1l,Ddah2,
Fabp3,Dusp4,
Ube2e2,Svil,
Sbno1,Mylip,
Rnf4,Grm5,
Epb4.1l3,Gdf10,
Gm17750,Adamts13,
Dab1,5330416C01Rik,
Fam45a,LOC105242578,
Rpl7,Ly96,
Ccnl1,Plxnd1,
Ssr4,Stard8,
Ppp1r7,Plekha7,
Mocs2,Xrcc3,
Dos,F2rl2,
Pafah1b1,B4galt6,
Tenm2,2010107G23Rik,
Ppa2,Kcng2,
Magee1,Map9,
Sorl1,Dchs1,
Ubr3,Nptxr,
Col5a1,Scn4b,
Sae1,Cxx1a,
Gda,Atp9a,
Ythdc1,Lgmn,
Atf3,Pak3,
Tnik,Rhbdl3,
Trpc4ap,A930012L18Rik,
Pnmal2,Nt5c1a,
Ddost,Hr,
Tuba8,Mycl,
Igsf21,Vav3,
Nell1,Fbln2,
Ppm1a,Zfp804b,
Zc3h11a,Sox9,
Gsta4,Fbxo9,
Chmp3,Tmcc3,
Rpl8,Lin7b,
Elp2,LOC105244051,
Fam32a,Pnp,
Tmem159,Lamc1,
Slc48a1,Ntsr2,
Timm13,Rras,
Tmem55b,Epor,
Cryzl1,Fam101b,
Spcs3,Stmn4,
Papola,Gprc5b,
Fam19a2,Dnm3,
Ptpro,Sdk1,
2210016L21Rik,Eva1c,
Dalrd3,Mgp,
Ubxn2a,Pmaip1,
Vta1,Ube2ql1,
Wdr6,S1pr3,
Tram1l1,Ldlr,
Grm8,Nmbr,
Lancl2,Wnt7b,
Clptm1l,Adcy7,
Cirbp,Cacna1i,
Ildr2,Rpph1,
Endod1,Adam33,
Ndel1,Fbxl21,
Tusc2,Sag,
Tfrc,LOC105245305,
Tpr,Rnf207,
Tcp11l2,Kif26b,
Cers4,Sulf1,
Gm31001,S100a1,
Eif3g,Gstm6,
Gtf2a2,Gng2,
Ncoa1,Eya4,
Smyd2,Anxa4,
Hnmt,Lama4,
Sec14l1,Mitf,
Kcnj3,Armcx6,
Pbx1,Zfp831,
Arl6ip5,Chn1,
Crbn,Scg3,
Ica1,Igtp,
Rpl3,Apold1,
Fbxl5,Gars,
Arnt2,Fgf5,
Tomm7,Syne1,
Syt16,Wnt5b,
Slc30a3,Slc9b2,
Ndufb7,Smad9,
Nav1,Scn2a1,
Sln,Zak,
Add1,Snx9,
Tmed7,5033430I15Rik,
Tmbim4,Wnt7a,
Zdhhc17,Pawr,
Sprn,Filip1,
Tomm22,Npr3,
Nxt2,Plcb1,
Susd4,Asah2,
Armc1,Zcchc16,
Exd2,Snx10,
Tmem145,Gpcpd1,
Eif3k,Dlx6,
Gdpd1,Gabrg1,
Glyr1,Rsph1,
Unc50,Clstn3,
Iscu,Nkain1,
Maf,Fscn1,
Snx5,Adm,
Tenm4,Ogfrl1,
9530091C08Rik,Fmo1,
Dock3,Zar1l,
Raph1,Csrp1,
Arhgef9,Ttll7,
Tial1,Tmtc2,
Hlf,Slc4a10,
Snx2,Gng5,
Insig2,Phf21b,
Coq10b,Gal3st4,
Cd302,Dapk2,
Socs2,Pls1,
Hnrnpm,Itga4,
Glod4,Rara,
Ppp1r2,Hist1h2be,
Gm34996,Prkcb,
Chtop,Ifitm2,
S100a6,Timeless,
Denr,Kcnh6,
Chp1,BC030867,
Wscd1,Sp8,
Ppm1e,Atp1a2,
Copb1,Syt2,
Tmem191c,Stau2,
Ppil4,Ryr1,
Sel1l,Lsp1,
1110051M20Rik,Cntnap5b,
Srsf2,Trip10,
Slc35b1,F3,
Ankrd29,Ly6e,
Flrt2,Slc30a10,
Isca2,Rassf8,
Kif5b,Cacna1h,
Lrrc57,Inadl,
Nop56,A630081J09Rik,
Zfp612,2900079G21Rik,
Ktn1,Nfkbiz,
Cckbr,Fnip2,
Msantd4,Sfrp2,
Rps5,Phyhd1,
B230219D22Rik,3-Sep,
Tmem246,Ttc39a,
Tmem179,Vwa5a,
Gorasp2,Cstad,
Metap2,Col12a1,
Uggt2,Il10rb,
Oaz2,Gpr161,
Aff4,Wfdc18,
Mars,Ptger3,
Arl4c,Dync1i1,
Tbcb,Arg2,
Zfp68,Pnmal2,
Epha7,Them6,
C1galt1c1,Yap1,
Egln3,Tsc22d4,
Eif2s1,Cyr61,
Cygb,Sptbn5,
Ate1,Mt2,
Zbtb16,Ghr,
Gramd1a,Susd5,
Fundc2,Gpr153,
Smu1,Cadm2,
Cinp,B3galnt1,
Eif3e,Kcnq4,
Asah1,1700016K19Rik,
Homer2,Myh3,
Dnajc21,Fam183b,
Fnbp1l,Lrrc75b,
Ranbp6,Cela1,
Rnf7,Cdon,
Ccng1,Sv2c,
Mtx2,Kiss1r,
Ufsp2,A330070K13Rik,
Gabarapl2,Foxo6,
Tmem14a,St5,
Zmynd11,Cspg5,
Thoc7,Frmd4b,
Usp15,Layn,
Tspyl2,A930011O12Rik,
Mrpl30,Mei1,
Chd9,Axin2,
Lgmn,Arhgdig,
Elp5,Plch1,
Fgf9,Tmem144,
Psma5,Teddm3,
Vstm2l,LOC105245295,
Bnip3l,Arhgap6,
Rc3h2,Akr1c18,
Grsf1,Tmem232,
Cdc37,Kremen1,
Cmas,Pou6f2,
Ntrk3,Elmod1,
Cse1l,LOC105244016,
Chn2,Gpr25,
Crk,Frmpd1,
Ptprm,Robo3,
Tph2,Eya1,
5-Mar,Perp,
Lrrtm2,Shb,
Cab39,Tns1,
Parp6,B230216G23Rik,
Kcnab3,Nrm,
Bmpr2,Afmid,
Stam,Bmp2,
Tollip,Slc5a7,
Grpel1,A830011K09Rik,
Ogdh,Csrnp1,
Grpr,Amz1,
Cyb561,5-Sep,
Mrps6,Tcf4,
Trove2,Sgcd,
Elmo2,Cyp11a1,
LOC105245375,LOC105247151,
Ubn2,Ntn4,
Mpi,Klhl1,
Dennd6b,D16Ertd472e,
Fam168a,Csrp2,
Trim32,Uchl5,
Brms1l,LOC105242595,
Cdc37l1,Rftn1,
Reep1,Abca1,
Dmxl1,Evc2,
Lrp1b,Tbc1d4,
Lrrtm4,Tuba4a,
Rbbp4,Vat1,
Slc17a6,Slc35f2,
Spag7,Sptssb,
Rab28,Sfmbt2,
Magi1,Pfkp,
Tspan2,Syt9,
Cpne9,Gng13,
Hnrnpd,Gsk3a,
Shisa9,Spsb2,
Gpr88,Clec18a,
Arl8a,Abhd2,
Stxbp2,Aldh3b2,
Ap3b2,I830012O16Rik,
Svop,Xylt1,
Sdhc,Alox12b,
Rplp0,Ctxn3,
Erp29,Olfm1,
Slc1a1,Cnih2,
Ppp6c,Xaf1,
Rasl11b,Fst,
Orc3,Cacnb4,
Tpgs2,Jsrp1,
Smpd1,Slc29a4,
Ryr2,Calca,
A730017C20Rik,Nrp2,
Mtf2,Lppr4,
Ndufaf4,Fkbp11,
Tpm3,Chga,
Ptprn2,Tcirg1,
Romo1,Pdgfc,
Sybu,Ctsk,
Lonrf2,Sik1,
Wasl,F2r,
Ankrd17,Chst7,
Hdac3,Aqp5,
Slc25a17,Rasa4,
Clip1,Wtip,
Stard3nl,Rab3il1,
Il1rapl1,Slc38a4,
6-Sep,Oprd1,
Tmem126a,Btg3,
Fam63b,Fgf12,
Rnf115,Rxfp3,
Psmb7,6530411M01Rik,
Rer1,LOC105246577,
Taf9,B3gat2,
Iqcb1,Fam20a,
Ube2a,Impa2,
Camkk1,Scn9a,
Arhgap32,Tspan5,
Pcmtd1,Nrsn1,
Cacng5,Arxes2,
Yipf4,Stat4,
Calu,Sh3bp4,
Chrm2,Col11a1,
Sdf2,Slc6a17,
Utrn,Tnfaip6,
Prss12,Soga1,
Cpne4,Vegfc,
Iars,Hcrtr1,
Tmem70,LOC105243924,
Cdk14,Barx2,
Pdzd11,Sncaip,
Itm2a,Ddr2,
Acap2,Cda,
Tomm20,Lima1,
Hnrnpab,Sash1,
Whsc1,Spsb4,
Ap2a2,Muc15,
Adprh,Cd200,
Kcnh7,Rit2,
Haghl,Lemd1,
Tmem60,Tbc1d16,
Hp1bp3,H2-K1,
Ckap5,Syndig1l,
Csrnp3,Fzd1,
Hdhd2,Asns,
Plekha5,Clmn,
Mef2a,Nhsl1,
Polb,Smim1,
Gnpda2,LOC105244192,
Pgk1,LOC105247131,
Eps8,Mustn1,
Ccnc,D930048N14Rik,
Atg12,LOC105242543,
Nsmce4a,Kctd13,
Lin7b,Kcnh4,
Htr2c,LOC102637959,
Nalcn,Plekha4,
Ptdss1,LOC102635707,
Dync2h1,Itga7,
Chmp2b,Zhx2,
Hook3,Tpm1,
Gng12,Cdipt,
Ip6k1,Ngb,
Tmtc4,Efemp1,
Fndc4,Omg,
Mapk8ip3,Scara3,
Mprip,Stard9,
Gm26871,Ntrk2,
Stx1b,Creb3l2,
Surf1,Gnb5,
Cisd2,Creb3l1,
Fam135b,Ifih1,
Cpeb4,Cacng2,
Fstl4,Marveld1,
Arhgap20,Ndrg1,
Gmps,Tmco5,
Oprm1,Cacng4,
Kifc2,Cfap45,
Peg13,Nexn,
Golga4,Nckap1,
Rdx,Wipi1,
Abhd16a,Hist1h1c,
Cep170,Anxa11,
9530068E07Rik,Il4ra,
Clptm1,Tsc22d1,
Trappc13,Nap1l5,
Arf5,LOC105242740,
Tpm2,8030453O22Rik,
Kdm7a,BC006965,
Slc2a3,Fam84b,
Fam163b,Rhoc,
LOC105246694,Fam189a2,
Ppp2r2c,Fgf18,
Bcar3,Esam,
Arhgap15,Rnf138rt1,
Pbx3,Zfp296,
1110059E24Rik,Klhl25,
Oat,Kcnn3,
Abcc5,LOC105244904,
Pbrm1,Cmip,
Gpatch8,Stk32a,
Rplp1,Nap1l2,
Hexa,Adamts8,
Kat7,LOC105244586,
Fbxo44,1700028P14Rik,
Ap3d1,Col16a1,
Cwc15,Olfml2b,
Gm3764,Llgl2,
Fbxo33,Epdr1,
Kif5a,Pstpip1,
Abhd6,Rtn4,
Cbr1,Fbln5,
Pias1,Cdc42ep5,
Ranbp2,Stard13,
Rangap1,LOC102634072,
Camkk2,C1ra,
Dgkz,Plaur,
Dhx15,Nmnat2,
Sgip1,Dap,
Aarsd1,Cntn1,
0610012G03Rik,Epb4.1l4a,
Ap4s1,Cfap46,
Brcc3,Gpr151,
Wdr33,Fam49b,
R3hdm4,Peg10,
Med10,Cdca7,
Kirrel3,Gpr6,
Fam69b,Tmem40,
Slc30a9,Tnfaip3,
Umad1,Gpr115,
Ppp2r2a,Pdlim7,
Prelid1,LOC105246832,
Bod1,Map3k1,
Rab24,4833415N18Rik,
Stard7,Sema3f,
Lypla2,1700019L22Rik,
Prrt2,Tspan11,
Cul3,Scn1b,
Cntn6,Kcnk13,
Casc4,Mia,
Hdgf,LOC102642556,
Zfp292,Ptger4,
Wdr45b,Sv2a,
Agtpbp1,Trim17,
Mrpl41,D030054H15Rik,
Mpdz,Scn2b,
2510009E07Rik,Ankrd63,
Tiparp,Btn2a2,
Sqle,Cflar,
Fndc3a,Mmel1,
Lhx6,Pdlim5,
Gabra2,Prkd1,
Sltm,Uchl3,
Wdr61,Prex2,
Syt17,Elavl4,
Tmco1,Mgst3,
Sptbn2,Sla2,
4930452B06Rik,Bcl2l11,
Dcaf7,Sfrp1,
Slc5a5,Igfbp2,
Phlda1,Fam114a1,
Pcm1,Islr,
Cdh6,Vcan,
Lztfl1,Hes7,
Btbd11,Cdkn1c,
Polr2c,A830029E22Rik,
Cars,A630023P12Rik,
Tceal3,LOC102638890,
Usp22,Plin2,
Dnajc6,Raver2,
LOC105245838,Pdlim3,
Kbtbd2,Pkig,
Bub3,Nmb,
Reep2,Fam163a,
Ntan1,Fibin,
Polr3k,Cwh43,
Rps25,Tmbim1,
Ndufab1,Ezr,
Fmr1,Doc2g,
Rabl2,Fabp5,
Lrrfip1,Igsf10,
Synj2bp,Bex1,
Pds5b,Grhl3,
Eif3h,Gpc3,
Brd9,Kirrel,
Csnk2b,Inhbb,
Tacc1,Syde1,
Lcmt1,C1qtnf1,
Ankrd45,LOC102633724,
Usp5,Pax6,
Ago3,D030068K23Rik,
Tmed9,9430085M18Rik,
Mea1,Ncdn,
2410015M20Rik,Apbb1ip,
Smc3,2610318N02Rik,
Cyb5r3,Palld,
Isca1,Zfp459,
Vwc2l,Elovl2,
Shisa5,LOC102639456,
Tmem256,Ppfibp2,
Cyb5r1,Apbb1,
Arcn1,Cdca8,
Tcrb,Plod2,
Cyr61,Tgfbr2,
Hars,Colgalt2,
Ube2k,Ccdc122,
Tmem9,Ret,
Rspo1,Sec16b,
Plxna4,Abcb1b,
Zdhhc2,Scnn1a,
Kpna3,Trpv6,
Mrps17,Zfp618,
Ddrgk1,Chgb,
Madd,Adamts15,
Vimp,Ch25h,
5830428H23Rik,Nrn1l,
Gss,LOC102631735,
Pcmtd2,Dmtn,
Nampt,Gstt2,
Top2b,Sez6l2,
Scfd1,Cbr3,
Hook1,Ctnnd2,
Mrpl28,LOC105244779,
Hspbp1,Clu,
Banf1,Ppap2b,
Agpat4,Trhr,
Trpm7,Plp1,
Hopx,Mylk3,
Arhgef4,Ntsr1,
C1qbp,Sebox,
AW551984,Vax1,
Eif4g3,Bccip,
Emc3,Actl6b,
Stt3b,Onecut2,
Hs6st2,Scd1,
Pttg1,Adra1d,
Snapin,Obscn,
Zfp329,Tubb3,
Dennd5b,Tbc1d2,
Gm1821,Pea15a,
Htatsf1,Prkce,
Gadd45g,Crispld2,
Dtx3,Aig1,
Tbr1,Neb,
Vps26a,Spink8,
Il34,LOC105244137,
Arl6,Agmat,
Pid1,Otx1,
Gfra2,C2cd4c,
Trappc1,Rab27a,
Tiprl,Ppp3ca,
Klhl40,Slc18a3,
Mkks,Lgals3bp,
Casd1,Cadm1,
Pdlim1,Zfhx4,
Hist1h2bc,Ptprn,
Hnrnpr,Ostn,
Lnp,9630002D21Rik,
Gm34583,Rnf208,
Sulf2,Bace2,
Dlst,Nkd1,
Acsl6,Cox7a1,
Cyp51,Asb2,
Sostdc1,Cd59b,
Ttyh1,Scml4,
Pex5,Ace,
Apoa1bp,LOC105246668,
Mmadhc,Olfr316,
Apba2,Dynlrb2,
Ssr2,Anxa2,
Sun1,Ldlrad3,
Btrc,Syt4,
Plekha1,Prss35,
Sec23a,Atp8b1,
Rundc3a,Itga9,
Chm,Ncam1,
Flot1,LOC102640933,
Grb2,Mypn,
Mapk3,Trhr2,
2900097C17Rik,Th,
Thrb,Ccna2,
Sap18,Slc12a5,
Dync1li2,Pth2r,
Maf1,Tesk2,
Xpo1,Prtn3,
Ppp2r5c,Fam171b,
Sntg1,Mmp11,
Nsmf,B230209E15Rik,
Cyhr1,Ccl27a,
Arhgdia,Mdga1,
Cnot2,P2rx7,
Blmh,A730090N16Rik,
Ggt7,Gfra1,
Gphn,Mapk10,
Xkr4,Traf4,
Mgrn1,Ucp2,
Mblac2,Pter,
Eif3l,Plcz1,
Gm7308,8030451O07Rik,
Gtf2b,C1qtnf4,
Tm2d1,Siah3,
LOC105246327,Ecel1,
Atg3,Rmst,
Bmyc,Mir344g,
Klf9,Tspan15,
Dtnbp1,Vsig2,
Sc5d,LOC105246093,
Emb,Dclk1,
Mfn2,Tmem176a,
Zfp644,Ckmt1,
Guf1,Tusc3,
Pnmal1,Bglap3,
Pnpo,2010001A14Rik,
Uba5,Baiap3,
Zfp148,Nt5e,
Ctxn3,Slc13a5,
N6amt2,Gpr37,
Dcun1d5,Pkp2,
Sipa1l1,Ccna1,
Vldlr,Cenpu,
Rab10,Fndc1,
Supt20,2900041M22Rik,
Anapc11,Nfe2l3,
Fbxw2,Abtb2,
Smarcb1,Ppap2c,
Znhit3,Rgs5,
Khdrbs1,Mir132,
Psme1,Dcxr,
Srp72,Prkcq,
Golph3,Rtp4,
Lin7c,BC061194,
Eif3m,Prph,
Luc7l,Slc35d3,
Adh5,5031414D18Rik,
5330434G04Rik,Frem1,
Rpl18a,Sphk1,
Pdlim7,Podxl,
Cetn2,6430571L13Rik,
Mrpl50,Tspan13,
Fbxo11,Etv4,
Ptchd4,Colq,
Hmgcr,Cpxm2,
Trim35,Ikzf2,
Aqp5,LOC102634300,
Abi1,Xkr7,
Rpl32,Mir129-1,
Nucks1,Mc4r,
Nr1d2,Ndst4,
Prpf40a,Rln1,
Dcaf12l1,Tnfsf13b,
Nudc,Inpp5d,
Rps27a,Snap91,
Acsl5,LOC105243280,
Tbrg1,B130024G19Rik,
Fnta,Ocm,
Abcf3,Cadps,
Fkbp1b,Gstm5,
Ccdc132,Glipr1,
Hypk,Lat2,
Ptbp2,Syn1,
Slc18a3,Gas1,
Spire1,Serpinf1,
Becn1,Ndp,
2410089E03Rik,Fabp7,
2610301B20Rik,Vrk2,
Ssr3,Tmod2,
Gcsh,Mkrn3,
Nr3c1,B230206L02Rik,
Sorcs1,Stc1,
Atrn,Esr1,
Polr2b,Adamts5,
Snx16,Sox18,
Tmem132b,Htra4,
Hs3st1,Shisa2,
Ncbp2,Pclo,
Rnf167,Galnt10,
Golgb1,Ano5,
Trim23,Sult4a1,
Fosl2,Fgfr2,
P4hb,Thbd,
Mpc1,Adamtsl5,
Vcp,LOC105246453,
Fam213b,Bag3,
Smek2,Igsf9,
Fam81a,Adamts6,
Glg1,Tmem200c,
Ice1,Chrna2,
Seh1l,Kif23,
Ubl4,Lst1,
Nebl,LOC102635783,
Rhot1,Gpr126,
Pum2,Prrg1,
Fam168b,Phldb1,
Glrx5,1190005I06Rik,
Tbca,Syn2,
Ccdc124,Twist2,
Eif2s3y,Syngr3,
2610008E11Rik,Urah,
Slc39a6,Acvrl1,
Coprs,Aurka,
Nt5dc2,Gabrg2,
Chchd4,Dab2,
Lrrc3b,Pld3,
Snx17,Arpc1b,
Grm1,Hmgn2,
Mapre1,Olfr78,
Hnrnpll,Swap70,
Nufip2,Rgs7bp,
Ccne1,Tmem114,
Eif4a3,Sh3bgrl3,
Dcun1d4,Map2,
Lect1,Spata1,
Ephb6,Ptgs2os,
Psmd5,Kcnd3os,
0610010F05Rik,Dnah9,
Samd12,Atp2b2,
Snapc3,Filip1l,
Tada1,Srpx2,
Cfap20,Baz1a,
Usp34,Mfge8,
Pcyt2,Gpx8,
Dek,Myt1l,
Dpy30,A930029G22Rik,
2700029M09Rik,Gpr52,
Ipo9,Ppp1r3c,
Plekhb1,Trabd2b,
Thrsp,Stk17b,
H2afy,Tagln3,
Rnf181,Myh8,
Zfp280d,9330158H04Rik,
Top1,Slc17a8,
Rps9,Ifit1,
Actl6b,1600029O15Rik,
Nsd1,Stk32b,
Epb4.1l2,Aldh3b1,
Akap8,Prokr2,
Dnajc15,Acy3,
Zrsr2,Lipg,
Dcx,Btbd17,
Tbce,Tax1bp1,
Ubr1,Pln,
Skiv2l2,Ltbp1,
Manf,Shc4,
Api5,Kif21a,
2-Mar,Spock2,
Idh1,Lrrc74b,
Fbxo25,1700001L05Rik,
Vps25,Agtr2,
Sel1l3,Cldn10,
Bbip1,Necap1,
Mkln1,Adamts16,
Lrrk2,Ppa1,
Thoc1,LOC105245718,
Cxadr,Bmpr1b,
Slc17a8,Fbxl22,
Tvp23b,Chrna3,
Nipsnap1,Chat,
Nmd3,Rgma,
Tom1l2,Smoc1,
Sgtb,Evi2a,
Mrpl18,Diap3,
Zhx1,Enpp5,
Prmt8,Dysf,
Lypla1,Camk2b,
Npas3,Slc40a1,
Amn1,Fut10,
Nlk,B930082K07Rik,
Glrx3,Strbp,
Smc1a,Otof,
Prr13,Ntn1,
Ggps1,Ahnak,
Pdxk,Dnah7b,
Lynx1,Col8a1,
Celsr2,BC028528,
Lphn3,Gja4,
Snw1,Rab39,
Ptprk,Slc15a2,
Bin1,Cyp26b1,
LOC102634481,Cx3cl1,
Usp7,Stmn1,
Nono,Lpcat2,
Lmbrd2,Capn3,
Pi4ka,Gpr4,
Mllt4,Gpc5,
Nfu1,LOC102640985,
Sfrp2,Glrb,
Zcrb1,Myh1,
Rilpl1,1110054M08Rik,
Dock4,Ccnjl,
Fyn,Syt1,
Ddx50,Sgsh,
Wdr77,Mlf1,
Zmym2,Endou,
Prosc,Gprasp1,
Mapk11,Pak4,
Hap1,Rnf14,
Lonp2,Adamtsl1,
Crebrf,Proser2,
Rabep1,C1qtnf2,
2210018M11Rik,Adam18,
Slc35f1,Scgn,
Qrfpr,Ptpn20,
Gnl2,Trh,
Sncb,Inppl1,
Epb4.1l1,Padi2,
B230118H07Rik,2500002B13Rik,
Pde4dip,Degs2,
Wnt5a,Lgr5,
Hspa12a,Amot,
Zfp637,Gjc1,
Akap5,Ahi1,
Trip12,Sln,
Rfk,Pltp,
Zc3h13,Clic1,
Zfp536,Entpd1,
Klf10,Col9a3,
Timm10,Fam107a,
Uhrf1bp1l,Tnni3k,
Gps1,Trim36,
Tceal5,2010320O07Rik,
Ctxn2,Zfhx3,
Rragc,BC089491,
Dync1i2,Grb7,
Birc6,Nxph4,
Cand1,Tspyl4,
Rbm6,Uchl1,
Scaper,Rgs13,
2310036O22Rik,LOC102642041,
Dctn1,LOC105244376,
Pak1ip1,Fam159b,
Tbl1x,Myo3b,
Fam92a,Agt,
Mrpl35,Cpm,
Rala,Map7d2,
Arl1,LOC102636808,
Prkca,Sumo3,
Hspa4,LOC100503142,
Btbd1,Tssk6,
Acadsb,Carhsp1,
Ap1m1,Tll1,
Tkt,Tfpi,
Dnajb11,D830030K20Rik,
Ugp2,Rhog,
Map1a,Selm,
Amer2,LOC105245826,
Nacc2,Krt80,
Dlat,Mmp15,
Chka,Osr1,
Rab11b,2900011O08Rik,
Ccrn4l,Klhl14,
Zcchc17,Mab21l1,
Sugt1,Cav1,
Ube2j1,Stbd1,
Zfp322a,Gpnmb,
Usp29,Ly6h,
Nol4,Pcolce2,
H2-D1,Figf,
Tomm6,Dnah14,
Abcf2,Bcam,
Cpne8,Atp1a3,
Tmem199,Tmem198b,
Ufc1,4921511H03Rik,
Cnot4,Tnmd,
Rgs16,Prc1,
Rchy1,Cercam,
Col24a1,Aspg,
Camsap2,Tmem88b,
Grin1,Edn1,
Chd6,Ppp3r1,
Medag,Nsg2,
Cdc16,Abhd11os,
Mageh1,Copz2,
D8Ertd738e,Napb,
Jkamp,Ank3,
Tmem184c,Sgip1,
Rab3gap2,Pde3a,
Ddb1,Vgll3,
Bccip,LOC105245926,
Ptpn2,Klf2,
Rab5a,Tmem37,
Tor1aip2,Cend1,
Psmg2,Bank1,
Slmo2,Lama3,
Wfs1,Got1,
Actr6,Fbxo47,
Mrpl13,Sftpc,
Ccndbp1,Dlgap1,
Gfra4,Kif5c,
Stoml2,Shroom3,
Kctd17,Prkd3,
9430020K01Rik,LOC105244450,
Cstf2t,Syngr1,
Rnmt,Shisa3,
Emc6,Pacsin1,
Ehd3,Phyhipl,
Tpp2,Hist1h4h,
Fto,Anks1b,
Adss,Tmie,
Ttc19,Kcna5,
Rnf34,G630016G05Rik,
Rhbdd2,Stmn2,
Bag5,Sbspon,
Tnrc6a,Mir344f,
9930021J03Rik,Ifi35,
Nkrf,Hmgn3,
LOC105243542,Npc1l1,
Plrg1,Rogdi,
Ctnnd2,Deb1,
Tnks2,Postn,
Sms,Gpt,
Sdc2,Thy1,
Smg1,Mylk,
Mbp,Id1,
Cry2,Meg3,
Mapk6,Samd9l,
Psmb3,Clrn1,
Rnf114,Cachd1,
Tmem91,5930412G12Rik,
Anapc16,Drd5,
Rasa1,Col15a1,
Usp47,Cth,
Kcnd2,Caps2,
Ift81,Tgm3,
Rtn4rl1,Rundc3a,
Dus3l,Lacc1,
Os9,Pla2g5,
Eif5b,Krt77,
Tcerg1,LOC105243540,
Fam120b,Lrrc10b,
Asphd2,1810011O10Rik,
Hat1,Ndrg3,
Ier3,Metrn,
Amfr,Chrnb3,
Csmd1,Plb1,
Hiat1,Crhr2,
Lsm6,Theg,
Slc25a27,Prox2,
Srrm4,C1qtnf7,
Eif3d,Cystm1,
Creb3,Cd44,
Aurkaip1,Aldh1a7,
Qk,Dmrt2,
Arhgap21,Celf2,
Gm10419,Slc7a11,
Dnajc10,LOC105244845,
Cntnap4,Lcp1,
Lrfn5,Hpgd,
Gt(ROSA)26Sor,Fbln7,
C730002L08Rik,Krt9,
Nol7,A730056A06Rik,
Ndufaf7,Tacr1,
Pde11a,Trem2,
Vma21,Ucma,
Cttn,Snai2,
Ccpg1,Wnt16,
Kcnn2,Unc5b,
Ttll1,Mir568,
Maged2,Ets1,
Rapgef5,Kif1b,
Cdk16,Sf3b1,
AW209491,Irf8,
Cdh8,Col23a1,
Zranb1,Npffr1,
Hipk3,Wdr66,
Ctsa,Ptger2,
Prpf8,Oprk1,
Gfpt2,Amdhd1,
Tnpo3,4632428C04Rik,
Mturn,Cenpe,
Rnf5,Emid1,
Nxf1,Myh4,
Pdk3,LOC105243891,
Klf12,Scp2-ps2,
Cstf2,Krt20,
Msra,Ptplad2,
Fam150b,Podn,
Zfp804a,Lpar6,
Smim15,Hfe2,
Sobp,Mmp9,
Extl3,AI413582,
Slc30a4,Cd52,
Wbp11,Ctsc,
Arhgef28,LOC102634296,
Wdr7,Gdpd2,
Wdr12,Nlrp6,
Snx14,Dpyd,
Mpv17l,Psmd7,
Rapgef6,Rufy3,
Cdkn2d,Nbeal2,
Ifit2,Rxfp2,
Nup88,Hspb8,
Dpm2,Sema3d,
Gmpr,Ank2,
Cpt1c,Myh13,
Eepd1,Sncg,
Ddx46,Dnm1,
Zcchc7,Fam69c,
Bptf,Serp2,
Ric3,Ccbe1,
Dhrs1,4930500J02Rik,
Sox6,Nrxn1,
2610002M06Rik,Hbq1b,
Dgcr6,Plekhg1,
Nbr1,Cbr1,
Zkscan16,4933427G17Rik,
Rgl1,Mt3,
Klhl23,Birc5,
Pdhx,Pmm1,
Fcho1,Cdh24,
Matn2,Paqr5,
Zfp941,Scoc,
Unc5c,Tuba1c,
Chchd3,Rtf1,
A530058N18Rik,Chodl,
Lzts3,Idh3a,
Klf6,Emilin2,
Mapk8,Pou3f4,
Vps13a,Col14a1,
Hjurp,Rab6b,
Eif2s2,Cdhr1,
Rps6kb1,Grxcr2,
Iqsec3,Lhfpl2,
Ccdc186,Macc1,
Hibadh,Pdlim2,
Sypl,Tekt1,
Dbn1,Aplp1,
Vezt,Ptprs,
Kcnd3,Tspan18,
Anxa7,Vim,
Arid4a,Gulp1,
Ccdc25,Lair1,
Setd2,Rnf122,
Actr2,Clic5,
Rpl14,Tmem204,
Dbndd2,Maml2,
Ttc7b,Dkk2,
Lrp1,A930011G23Rik,
Apoe,Rarres1,
Ptcd3,Prss16,
C2cd5,Slc25a13,
Vps13c,Kank4,
Ipo5,LOC105245003,
Nr1d1,Prepl,
Ppp5c,Klk8,
Rpl23,Rrad,
Jakmip2,Nsf,
Pgm2,Vsnl1,
Gabra3,3110079O15Rik,
Ano4,Pcsk1n,
Trpc6,Adamts18,
Anxa2,Acaa1b,
Atox1,Dio2,
Ddt,Bnip3,
Txndc16,Mndal,
Foxp2,Ccdc88b,
Sra1,Spc25,
Rnh1,Arhgap19,
Commd4,Cyp2c52-ps,
Tmem56,Itih5,
Ubqln2,Entpd2,
Psmd13,Arhgef39,
Rbbp9,Arhgef10,
Bckdhb,Notch3,
Rps3a1,Cmtm8,
Cers5,Rspo4,
Glrx,Pmfbp1,
Mtfr1l,Pmp22,
Opa1,Ccdc141,
Snrpe,Doc2b,
Rock1,Dach1,
Paxbp1,Eno2,
N4bp2l2,Hspb2,
Gnptg,Phldb2,
2310061I04Rik,Apod,
Rps27,Stmn1-rs2,
Rps13,Mctp2,
Rbbp6,Rassf4,
Poglut1,P2ry14,
Cidea,Wwtr1,
Secisbp2l,Aebp1,
Zfp655,Tacr3,
N4bp2l1,Helt,
Syt7,Cd200r1,
Arhgef3,Ppp1r18,
Rexo2,Sdsl,
Qrich1,Samd3,
Lamtor2,LOC102641120,
Erp44,Mir344i,
Terf2ip,Gnao1,
Cntnap5c,Cdkn3,
Sh3glb2,Fez1,
Trhr,Aif1,
Creg1,Neat1,
Ifitm2,Map1b,
Dbi,Apcdd1,
Map4k3,Otop2,
Ddx39b,Basp1,
A230046K03Rik,Slco5a1,
Prkag1,4930426D05Rik,
Ankra2,Hpgds,
Rps4l,Cbln1,
Tmem200a,Scrg1,
4833420G17Rik,Ffar4,
Cstb,LOC105242741,
Sec13,LOC105246377,
Chrna5,Prkar1b,
Zdbf2,Stac,
Lrp8,Bicc1,
Zfp60,Gldn,
Cep70,Htr1d,
Fnbp4,LOC105243198,
Gtpbp4,Nr1h3,
Igsf3,Itpr2,
Zdhhc20,Tceal6,
Ergic2,A930003A15Rik,
Pitpnb,Frmd7,
0610037L13Rik,Ptk7,
Gm30620,Myzap,
Mrpl49,Myl1,
Dusp3,Daam2,
Fam174b,LOC105242594,
Fuca2,Uchl1os,
Pxk,LOC102643175,
Tiam2,Slc16a4,
Ilkap,LOC105243894,
Arhgap12,LOC105243525,
Mrpl55,Lrg1,
Ankhd1,Cd72,
Ctps,Bst2,
Ramp3,1700034G24Rik,
Ctbp1,Sh3bgr,
Mrpl48,Mfap4,
Synj2,Kiss1,
Slc25a36,Rnase4,
Tasp1,Acot13,
St6gal2,Npsr1,
Nop58,Abra,
Sdccag3,Snhg11,
Krtcap2,S100a3,
Polr2e,Ocln,
Lztr1,Sparc,
Fam69a,Kif1a,
Pias2,Rbp1,
Ube2q2,B3gnt8,
Nmnat2,Prdm1,
Prpsap1,Cox6b2,
Lmtk2,Litaf,
B630005N14Rik,P2ry1,
Prickle2,Lama2,
Rasd2,Slc1a3,
Mrps18a,Scml2,
Kcnh1,Adamts2,
Kcnj9,Kif20b,
Ptpre,Spp1,
Ppp2r2d,Gad1-ps,
l7Rn6,LOC102238518,
Yipf5,A330008L17Rik,
Impad1,Chd3os,
Gapvd1,Pappa2,
Rpl9,Gxylt2,
Ncam2,Anln,
Pkib,E130215H24Rik,
Taldo1,Chek2,
Brix1,Tmem125,
Mxi1,Aplp2,
Nr4a3,Disc1,
Cdc5l,Eno1b,
Slc35a5,Grin2b,
Lrch3,Sptbn1,
Pex13,Tspan7,
Cog6,Prnp,
Lgi2,LOC105246514,
Dnajc27,Itgb5,
E2f6,Cilp2,
Mcoln1,Zim1,
Gm14204,Fbln1,
Nmt1,Hpse,
Tmem135,Ugt8a,
Taf9b,Cyp1b1,
Usp32,Shank1,
Serp1,Gsx2,
Ccdc127,Arpc5l,
Kcns3,0610040J01Rik,
Tmem234,LOC105245925,
Sdhaf2,Fgfr3,
Ctps2,Npdc1,
Orc5,LOC105246064,
Zfp788,LOC105246787,
Rab2b,6530402F18Rik,
Hccs,BB557941,
Nmbr,LOC105246359,
Ppfia2,Nckap5,
Adrbk2,Tagln2,
Lamtor3,Avpr1a,
Gm32337,Tdo2,
Actr1a,Pgrmc1,
Smc2,Mob3b,
Rbm4b,Prodh,
Ttc1,Cpo,
Agfg1,Lims2,
Ifi27,Clnk,
Clec2l,Cd74,
Nprl2,Dbx2,
Pde4d,Celf4,
Fam19a5,Tcte1,
Dleu7,Cnn2,
Dnajb14,5830416P10Rik,
7-Mar,Sgol2a,
Mrpl39,LOC105243544,
Rabif,Cpa6,
Coq2,Serpina12,
Txndc9,Emp2,
Ccni,Apoh,
Ppm1h,Adam12,
Cnot8,Prom1,
Myadm,Drd2,
Por,Nsg1,
Ncaph2,Tnc,
Vps16,Itpkb,
Txndc17,Cdc20,
2610203C20Rik,Nkiras1,
M6pr,Prickle3,
Fam160a2,Cldn23,
Fam179b,Efcab13,
Gdap2,Col6a4,
Klhl22,Psmb7,
Chac1,Gipr,
BC003331,Ghitm,
P4htm,Parvb,
Vwc2,3110007F17Rik,
Med14,Gria2,
Gnl3,Bmp4,
Rif1,Ccnb2,
Cntnap5a,Pde4c,
Hmgcll1,Tubb4a,
Leprotl1,Hbq1a,
Rmnd5b,Smtn,
Prpf6,Chchd10,
1110032A03Rik,Itga11,
Tet2,Atp1b1,
Ocrl,Retn,
Rps24,LOC105242586,
Ostm1,L3mbtl4,
Slc6a15,Eid1,
Mir22hg,Snora30,
Ppil2,LOC105243914,
Exoc5,Art3,
Uqcc1,Cuzd1,
Actr8,1500011B03Rik,
Fmo1,Ldhb,
Dnajb5,Arhgef26,
Ankrd10,Hapln2,
Pcdhb9,Snrpc,
Meaf6,Serpind1,
Lppr3,Ywhag,
Phf20,Mir135a-2,
Pgam5,Rassf10,
Adnp,Mapk13,
Usp48,Timp4,
Bai2,Cnksr3,
Usp9x,H60b,
Grasp,Crabp1,
Ube2d1,C7,
Tomm40,Faim2,
Dlgap4,Tgfbi,
Cdh10,Fgf17,
Azi2,Tgm2,
Ubxn4,Crygs,
Mdp1,Fam129a,
Trim28,Mfsd2a,
Agrn,LOC105242908,
Wac,Plekhh1,
Scn2b,Insl6,
Slu7,Ak3l2-ps,
Tmem25,Tagln,
Cdadc1,Cenpf,
Pcbd1,St18,
Fsd1l,Slc22a17,
Kctd4,Mapt,
Eftud2,Nwd1,
Vcpip1,Mllt11,
Ppp2cb,Fam92b,
Nsfl1c,Itga5,
Taz,C1ql1,
Sgsm1,Mir703,
Fem1b,AU022754,
Snx13,Stmn1-rs1,
Atp5s,Naa11,
Ttbk2,Clec10a,
Ints10,Bche,
Ncoa7,Glt28d2,
Nat14,Ppp1r36,
Syt6,Emp3,
Sptssa,Knstrn,
Thumpd1,AI464131,
Nova1,Kif11,
Mrpl4,Ndrg4,
Pcdh15,Mc5r,
Scn3b,LOC105244017,
Cpeb2,Sdc1,
Cnpy2,Zcchc18,
Fbxl2,Pnp2,
Mctp1,Hmgb1-ps4,
Ltn1,Fabp3,
Rab33a,Tubb2a,
Apmap,Col6a3,
Slc35f4,Ly6d,
Rcn1,LOC105245960,
Zbtb11,E130114P18Rik,
Hmg20a,Slc10a4,
Tnnt1,Tnfaip8,
Smc6,Sod3,
Nrp1,Caly,
Pcyox1,Galm,
Sbf2,Tgfa,
Setx,Acot7,
Mettl10,Batf3,
Arfrp1,Krt73,
Ptma,Zfp36l2,
Zc3h14,Fam83d,
Tmem183a,Rhoj,
Jund,Slc2a5,
Tmem208,Acsbg1,
Shprh,Pfn2,
Add2,Egfl8,
Fam21,Stxbp1,
Gm33989,Kcne4,
Abcd3,Cbs,
Slc25a33,9930014A18Rik,
Ipo7,Klc1,
Paf1,Dera,
Prickle1,Rasl12,
Tiam1,Mdk,
Appbp2,Atp6v1a,
Scn3a,Depdc7,
Poldip2,Tacstd2,
Rpl26,Atp10a,
Dda1,Palm3,
Xrn2,Hic1,
Wdr82,Tspan2os,
Lpl,Cpe,
A330050F15Rik,Cd274,
B4galt6,LOC102638110,
Igfn1,Sncb,
Acsl4,Fzd6,
Pik3ca,Mir3064,
Tmem128,E030003E18Rik,
LOC105243585,Tnni1,
Abhd17a,Myof,
BC004004,App,
Gspt1,Syp,
Rad21,Col11a2,
Ulk2,Sox3,
Arpc4,Snhg18,
Man2a2,Tceal5,
LOC105242619,Cxx1c,
Bfar,Psip1,
Otub1,Edn3,
Gm15800,Rec114,
Ssr1,Melk,
Pmpcb,Plekhd1,
Acadl,Acan,
Snrnp27,Ckap2l,
Rpl13a,Gpm6a,
Nudt11,Pros1,
Arfgef1,Rasgrp3,
Pik3c3,Tceal3,
Tmem258,Atp6v0e2,
Cspp1,Lman1l,
H1f0,Pard3b,
Itsn2,Gpr182,
Commd8,Gimap6,
Rplp2,Asap3,
Chchd1,Prok2,
Stag2,Megf10,
Wdr13,H3f3c,
1700020I14Rik,LOC105243543,
Zmiz1,Ptprb,
Ubr5,Lyz2,
Klhl24,Pdgfra,
Pex11b,Cd63-ps,
Gdap1l1,Mup5,
Mdm4,Pdlim4,
3830406C13Rik,Cybrd1,
Rpl15,Synpo2,
Gnl1,Pla2g4a,
Ngf,Nde1,
Fech,Zfp36,
Wrb,Spata19,
Jdp2,Gpr34,
Rab12,Ptgdr,
Pdxdc1,Gdf7,
Mrpl27,Tril,
Rps4x,Gab1,
Chpf,Cped1,
AI314180,Lepr,
Nrbp2,Fgf16,
Rmnd5a,Gas2l3,
Snx1,Igf2bp2,
Tpd52l2,Col18a1,
Crebbp,Mag,
Ythdf3,Mki67,
Dusp11,LOC105244517,
Nipbl,Cd248,
Sf3a3,Nostrin,
Gucy1b3,Ms4a6c,
Slirp,S100a13,
Stxbp5,Krtcap3,
Bap1,9630013A20Rik,
Arih1,2310002F09Rik,
Mrpl36,2610042L04Rik,
Lars,Eln,
Anapc4,Mxra8,
Pfdn2,Pde8a,
Acot9,A730090H04Rik,
Elovl5,LOC102634887,
Larp4b,Enpp1,
Npy5r,Hhip,
Slc9a6,Npbwr1,
Dock10,Tmem59l,
Drg2,Bmp7,
Spats2l,Emx2,
Anapc1,Pbxip1,
Ngrn,Snap47,
Scube1,Fgl2,
Taf1,Eng,
Zfp866,Ngfrap1,
Ubap2l,Arhgap11a,
Zmynd8,Adamts4,
Rars,Zcchc24,
Actn4,4930447N08Rik,
Trp53bp1,Ccdc42,
Krit1,Siglecf,
Lpin2,Mertk,
Tbc1d19,Timp1,
Kif2a,C3ar1,
Rnf146,Colec12,
Aup1,Krt17,
Exosc9,Ntng2,
Lsm8,Defb1,
Ccsap,Lrrc9,
Scaf11,Ckap2,
Ssrp1,Tmem100,
Sez6l2,Emx2os,
Zc3h7a,Mis18bp1,
Zfp943,Gramd3,
Rae1,5033421B08Rik,
Psme3,Cyp2j9,
Capn7,2810404M03Rik,
Rnf20,LOC102638195,
Mrpl17,Marcksl1-ps3,
Wnt5b,Gabrq,
Hnrnpul2,Tspan3,
Ubash3b,Fbxl7,
Eny2,Ncf2,
Camk2g,Cpq,
Sf3b3,Dmrtb1,
Ube2g1,Hepacam,
Birc2,6530403H02Rik,
Lrp12,H3f3a-ps2,
Dtl,Slc1a5,
Supt5,LOC105245190,
Ict1,Lrrc17,
Kcnmb2,Ada,
Lppr1,S100a11,
Mras,Cobll1,
Lphn2,Plcg2,
Arhgap1,Cgnl1,
Rtca,Nusap1,
Rpusd1,Il33,
Gpr176,Ror1,
Vps37a,Fanci,
Smarcc2,Ptgis,
Prdx6,Tst,
Slmap,Ndufv2,
Zfp281,Rbpms,
Pmvk,Myom1,
Ing4,Hprt,
Lpcat4,Plk1,
Snrk,Tnfsf13os,
Hrasls,Npw,
Mesdc2,Nsa2-ps1,
Coq5,Tinagl1,
Atg16l1,LOC105243177,
Gucy1a2,C1s1,
5730455P16Rik,Slc39a8,
Zfp930,Scg5,
Fyco1,S100a16,
Mboat2,C030029H02Rik,
Osbpl9,Syt11,
Clasp2,Dennd2d,
Kcnk2,P2rx2,
Xiap,Nuf2,
Ube2l3,Wfdc17,
Usp4,Ascl2,
Hif1a,C1ql2,
Gabbr2,Nsl1,
Lamtor1,Fth-ps3,
Btaf1,Gng3,
Dcaf11,Snx31,
Rbm33,Ermn,
Psmd11,Kcnj13,
Srsf10,Fcgr3,
Dcaf17,Mx2,
Polr2j,Esm1,
Anxa6,Ttyh2,
Cggbp1,Tap1,
Icam5,Eps8l2,
Inpp5j,Gkn1,
Sf1,Tslp,
Dhx30,Slc7a2,
Mpnd,Olig1,
Bud31,Gng8,
Prkce,Gjc2,
Gm34245,Nr1h4,
Kctd20,Ifi27l2a,
Slc9a7,Gpr37l1,
Snrpb2,LOC105245815,
Slc35a1,Chst5,
Tef,Slfn2,
Strip1,Stmn3,
Atxn2,Corin,
Cacnb2,Col5a2,
Esco1,Cd4,
Ube2f,Dcn,
Tub,Vangl1,
Pef1,Ednrb,
Ap1b1,Tlcd1,
BC005624,Chrna6,
Satb2,Cyp2d22,
Hmgn1,Trp73,
Vipas39,Cd93,
Gpr85,Cxcl5,
Wdr37,D030045P18Rik,
Pknox2,Atp6v1g2,
Sgsm3,P2ry12,
Unc13a,Pla2g16,
Pde1b,Trim16,
Phf6,Ncaph,
Sec63,Mrc2,
Arl2,Lmod1,
Ust,Kif20a,
Dennd4a,Slco2a1,
Dgkd,Cd53,
Gpr155,Ddc,
Golga1,Sepp1,
Mbnl1,Cyb5r2,
Phax,Dnah10,
Rps21,Ect2,
Vps26b,Psd4,
Mtmr7,Lsr,
Raf1,Slc25a18,
Naa25,Myocd,
Tmem11,Tcn2,
Sema3a,Brca1,
Ppip5k1,Vamp2,
Unc5d,Tecr,
Otud4,LOC105244150,
2810403A07Rik,Upb1,
Arrb1,Plekhf1,
Fbxl3,Caskin2,
1700086L19Rik,5430435G22Rik,
Dirc2,St6galnac2,
Brd7,Tmem106a,
Ndufs5,Pdgfrb,
Wbp4,Bex2,
Ecel1,Has2os,
Lgals8,Tm4sf1,
Usp2,Pik3r5,
Cdc27,Acta2,
Sec23b,Il7,
Tnfrsf21,Abca8a,
Efr3b,Lyn,
Cdkn2aipnl,Dppa1,
Tpm4,Ppp1r1c,
Stx6,Gper1,
Mafb,Gabarapl1,
Cdk11b,Clec3b,
Ylpm1,Mlc1,
Chmp7,Nhlh2,
Elp3,LOC102632415,
Ppargc1a,Serpinb11,
Coro1c,Hmcn1,
Abcd2,Plcd4,
Wif1,Aldh1a3,
Afap1,Tctex1d1,
AI597479,Nts,
LOC105243541,Calcrl,
Xpr1,Gjb6,
Tmem44,Itgb7,
Rasal2,Crabp2,
Usp28,LOC100861615,
Tmem255a,Rfx4,
Cyld,Gngt2,
3110002H16Rik,Dll4,
Gnal,Emp1,
Glud1,Afap1l2,
Ythdf2,Slc13a3,
Gba2,Gkn3,
Daam1,Lama1,
Faim,Olfml3,
Chic1,Casp12,
Hmgcl,Ccm2l,
Prmt5,Rab3a,
Osbpl2,Chrdl1,
Lrrc59,Slc39a12,
Fbxo34,C3,
Setd3,Dynlt1c,
Pigk,Casq2,
Egfem1,Prkcd,
Ccnt2,Rtn1,
Adar,Cd37,
Dmkn,Tgfb1,
Tbk1,Krt18,
Micu1,Eva1a,
Hspa13,Eya2,
Akirin2,Tmem45a,
Nrg3,LOC101055754,
Nr2f1,Olfr111,
Fam208a,Bglap2,
Dock7,Ptrf,
Ppip5k2,Sit1,
Fat3,Kif19a,
Fam65b,Lgals9,
Cldn12,Serping1,
Dixdc1,Adamts19,
Rnpep,Bcas1,
Zfp386,Myh11,
Gm34690,Mpeg1,
Zfp277,Tmem255b,
Gm20071,Ndufa4l2,
Csnk1g3,Cxcr4,
Actr3,Lcat,
Rbm8a,Kcnj10,
Nfil3,Gcnt1,
Kcmf1,Prkch,
Nus1,Pcolce,
Fam13b,Fn1,
Rbm7,S1pr1,
Nmb,Cxcl16,
Slitrk2,Cnn1,
Hectd1,Ttk,
Parva,Klf4,
Jmjd1c,Renbp,
Commd6,Lyve1,
Pnrc2,Scn10a,
St8sia4,Fcgrt,
Cdc7,Kank1,
Derl1,Myrf,
Arhgef7,Kynu,
Arf2,Cdc25c,
1110057K04Rik,Ms4a6b,
Mrpl15,LOC105243156,
Rab9,Gpr139,
Trappc11,Unc93b1,
Snhg4,Prima1,
Mrps18c,9530026P05Rik,
Kmt2c,Sp140,
Eea1,Steap3,
Ctsf,Rad54b,
Lamp2,Crip1,
Zfp2,LOC105246048,
Nbeal1,Erg,
Cyb5b,Slc12a7,
Tbc1d23,Ushbp1,
1190002N15Rik,Piezo2,
Mllt3,D7Ertd443e,
Wars,AF251705,
Stambp,Xdh,
Ptcd2,Mrvi1,
Fgf1,Slco2b1,
Micu3,Tmem98,
Btbd9,Cd38,
Pum1,Psmb8,
Atl2,Nes,
Nvl,Gstm2,
Plaa,Myl9,
Rpl38,LOC105242721,
Fam169a,Anxa1,
Ndst3,Gjb1,
Elof1,Prrx2,
Crebzf,Nipal4,
Foxg1,Trim25,
Plxdc2,Rcn3,
Dram2,Syt15,
Thnsl1,P2ry6,
Mrps7,Cd40,
St3gal6,Slc9a3r1,
Snx27,5730435O14Rik,
Gm15459,Trf,
Zmym3,Car3,
Dnajc19,Phkg1,
Brd8,Cspg4,
Peli1,Ms4a6d,
Edn3,Atp13a5,
Tug1,Slc19a3,
Rpl19,Cmtm5,
Arx,Cd79a,
Ncoa2,Insc,
Entpd6,Tbxas1,
Ryr3,F11r,
Mlx,Atp13a4,
Slc39a7,Jag1,
Zfp846,Ltc4s,
Senp2,Rlbp1,
Mecp2,Adamtsl4,
Zfp354c,Gja1,
Ric8,Ehd2,
Tapt1,Plekhg3,
Zkscan3,Mup3,
Fam155a,LOC105246959,
Tnpo1,Psmb9,
Polr2h,Foxc1,
Fbxo21,Kdelr3,
Cul5,Wnt6,
Rps8,Cdc42ep1,
Pak7,Smad6,
Amy1,Itga1,
Mark3,Tek,
Bmp1,Fli1,
Mast2,Ldlrap1,
Rnf2,Emcn,
Npepps,Col13a1,
Sh2d5,E030019B13Rik,
Rnf130,Cd163,
Pyurf,Gtf2a1l,
Nudcd3,Vtn,
Smc5,Lbp,
Tsr2,LOC105243028,
Coq9,Cd9,
Gm32843,Asgr1,
Vps45,Cyth4,
Rnf6,Slc7a10,
Ccdc32,Ecm2,
Hiatl1,Adora2b,
Ptprg,Epas1,
Ssbp1,Nkx2-1,
Akirin1,Enpp6,
Dgcr2,Foxq1,
Faxc,Alpl,
Hapln4,Rab11fip1,
Ccny,Bmp6,
Nrip1,Rhbdl2,
Zcchc11,Msn,
Rab39b,P2ry13,
Rps15,Aox3,
Inpp5k,Vstm4,
Mmd2,Ube2c,
Limk2,Eva1b,
Smarca4,LOC102636037,
Lta4h,Pdzk1ip1,
Ophn1,LOC102634900,
Psme4,Sec14l5,
Ankrd11,Arhgef19,
Macrod2,Ifi203,
Hspa14,2900052N01Rik,
Tmem29,Matn4,
Faah,H2-DMb1,
Cnot10,Hs3st6,
Grip1,Foxj1,
Fam73a,LOC102638891,
Glrx2,Hsd17b2,
Dscr3,Lamb2,
Tmem161b,LOC100861618,
Zc4h2,Bfsp2,
Limd2,Cox4i2,
Nsun2,Des,
Etfa,Higd1b,
Lrpprc,Olfr110,
Dido1,Fcrls,
Spin1,Spp2,
Ankmy2,Gpr39,
Ap2b1,Ranbp3l,
Wrnip1,Hrct1,
Lrrn2,Mpzl2,
Asic1,5430416O09Rik,
Rpp14,Rcsd1,
Rsf1,Itih2,
Slc4a7,Cox8b,
Cpsf3,LOC105243532,
Large,Hspb1,
Tpst1,LOC105243551,
Sec11a,Smagp,
Cdh7,Mcam,
Ascc3,Cd300a,
Mdn1,Ednra,
Atp13a2,Cdkn2c,
Kdm5a,Enpep,
Lias,Mir6390,
Uros,LOC102638590,
Gna11,Fcgr1,
Zdhhc21,Csf1r,
Cnot6,Fhl3,
Hcfc2,Car1,
Parp2,Fcgr2b,
Pdia4,Serpinb1a,
Prune2,Irgm2,
Gnpat,Anxa3,
Mapk14,4930523C07Rik,
Mpp6,Ncf1,
Ndufaf3,Omd,
Far2,Mrc1,
Nt5c2,Klk9,
Gnb2,Ddx60,
Zfyve16,LOC105245083,
Ufl1,Ppp1r3g,
Zfp157,Cdca2,
Nfasc,C2,
Shisa8,Vcam1,
Zfp106,Vamp5,
Uba6,Grin2c,
Snph,Galnt6,
Sacs,Mgst1,
Nat8l,Btbd16,
Fbxl4,Notum,
LOC105246134,Mal,
Man1a,Ccl19,
Dnajc9,4930553C11Rik,
2810025M15Rik,LOC105244119,
Irgm1,Nid1,
Cnot6l,F13a1,
Ssna1,Mog,
Samm50,Dock8,
Akr1e1,Gbp3,
Pex3,Casc5,
Igip,Lhx1os,
Gm9866,Mlxipl,
Vps11,Fcer1g,
Slc16a7,Alx4,
Adi1,Laptm5,
Mrap2,Slc22a18,
Ncbp1,Rbpms2,
Tmub2,Abi3,
Kdm1a,Fa2h,
Fam120a,Cybb,
Mpped2,Ppic,
Cystm1,Mgl2,
Zfp758,Etnppl,
Slc35b4,Ptpn18,
Eif2ak1,Tyrobp,
Rpl13,Ano1,
Pdzd2,Ogn,
Bag4,Axl,
Dopey1,Slc38a11,
Nudt9,Pm20d1,
Phpt1,Tmem173,
LOC105244000,Ifitm3,
Sos1,Wfdc1,
Tbc1d15,Sgk2,
Tnrc6b,LOC105244487,
Arfgap1,Ly86,
Abca5,Ccnb1,
Nmt2,Itgam,
Gng7,She,
Stag1,Il1a,
Galt,Serpinh1,
Stk16,Kdr,
Dcaf13,Sdc4,
Mysm1,Ppp1r14a,
Rbm28,Bgn,
Tubgcp5,Cdk1,
Ilk,Ebf3,
Snx4,Ctss,
Cgref1,Aqp4,
Carkd,Pecam1,
Tle2,Snord35b,
C530008M17Rik,Folr2,
Snrnp200,1190002F15Rik,
Itch,Sox7,
Ubfd1,Mir143hg,
Tank,Cyp27a1,
Slc25a39,Cldn5,
Sec22b,Aoah,
Cux1,Spo11,
9030624J02Rik,C1qb,
U2af1l4,C1qc,
Erc1,Nuggc,
Letm1,Selplg,
Mrpl3,Lhx5,
Otub2,Zfp36l1,
Mau2,Kif2c,
Trmt1,Pf4,
Faf1,Slco1c1,
Pde1c,Ctsh,
Gpd2,Glns-ps1,
Fam162a,Slc6a13,
Ufm1,Crybb1,
Ap5m1,Ccl2,
Aftph,Sox17,
Psph,Atp2a3,
Ciapin1,Gli3,
Ezh1,Pld4,
Mtdh,Sox10,
Dclk2,Folh1,
Pigu,Cd82,
Tmem14c,Tnfaip8l2,
Msl1,Gstt3,
Gtf2i,Gng11,
Avpi1,Zic1,
Yipf3,Efhd1,
Mapk8ip2,Opalin,
Dync1li1,Cd36,
Fer,Gbp6,
Atp9b,Nkx6-2,
Rasa2,2310015B20Rik,
Ppp2r5e,Slc38a3,
Mphosph8,Pglyrp1,
Tpp1,Chst3,
Trappc3,Abcc9,
Sec31a,Zfp488,
Tmem261,Emr1,
Arl15,C1qa,
Dcaf8,Prelp,
Anapc2,Col4a6,
Rab3gap1,Pla1a,
Arhgef25,Abcb1a,
Stau1,Alox5,
Cep350,Lef1,
Ccser1,Lag3,
Fcho2,Fyb,
Nub1,Txnip,
Glcci1,Ly6c1,
Med13,Gstm2-ps1,
Slc12a6,Pear1,
Xab2,Cx3cr1,
Spred2,Ly6a,
Timm22,Lfng,
Baz2b,Ebf1,
Phb2,Cyba,
Zfp37,1700047M11Rik,
Myh10,Fmod,
Smim18,Troap,
Oxtr,Top2a,
Dhps,Tbx2,
Ppp2r4,Flt1,
Angel2,Pbk,
Ift46,Cdh19,
Exoc7,Itih3,
Trappc8,Hsp25-ps1,
Jazf1,Lrrk1,
Zfp318,Ggt5,
Ireb2,Cd48,
Rab11fip3,H2-Q7,
Zfp711,Cfh,
Fry,Rgs18,
Fpgt,Mmrn2,
Trpc3,Stab1,
Sema5b,Gjc3,
Nwd2,Rarres2,
Aimp2,Neu4,
Prpf18,Col1a2,
Zfp426,Hmha1,
Fnip1,Tcf7l2,
Papss1,Plscr1,
Cacnb3,Iigp1,
Atp13a1,Tnf,
H2afv,Lum,
Cog7,Olig2,
Gm28175,4632428N05Rik,
Senp6,Cldn11,
Smarca1,Grap,
Tmem175,Vav1,
Svip,Robo4,
Zfp763,F830016B08Rik,
Rab11fip2,Fam180a,
Fzr1,Sp110,
Ppp6r3,Sp100,
Lsm3,Oaf,
Mia3,Cyp4f15,
Gtf2h2,Col1a1,
Ubl7,Siglech,
Bzrap1,Prr5l,
Slc25a44,Bdh2,
Nlgn1,Cyyr1,
Ampd2,Gpr17,
Pex19,4930452G13Rik,
Trib2,Ggt1,
Lrrc7,Sema3g,
Ddx6,Map3k7cl,
Calca,BC051019,
Stard5,Olfr558,
Hivep3,Spi1,
Magef1,Slco1a4,
Ccdc50,Sigirr,
Zfp869,Bnc2,
Ep400,Ccr5,
Rps19,AU021092,
Pfkfb3,Fzd2,
Slc50a1,Tbx1,
Pde8b,Slc6a20a,
Uggt1,Hmgcs2,
Trp53inp2,Eltd1,
Ddx42,Slc13a4,
Ubxn1,Srgn,
Hrh2,Ticrr,
Ncstn,C030018K13Rik,
Sestd1,Epsti1,
1110058L19Rik,Slfn5,
Hltf,Mecom,
Zfp40,Ly6i,
Vps53,Heyl,
Slc30a5,Aspn,
Ppap2a,Fgd2,
Farsa,5930403L14Rik,
Cipc,Ifitm1,
Gm29711,H2-Ab1,
1110001J03Rik,Slc2a4,
Smad2,Pdpn,
Mterf3,Kcnmb1,
Klhl12,Zic3,
Taf1b,Vwf,
Ralgps2,Slc22a8,
Zfp715,Csf3r,
Pax6,Aspa,
Mtpap,H2-Q4,
Zfp512,Car13,
Supt16,Kcnj8,
Etv5,Aldh1a2,
Hace1,Rhoh,
Med7,Msr1,
Zfp35,Lyz1,
Tmed5,Nat8,
Ash2l,Cd84,
Tcea2,Tnfsf10,
Stx3,LOC105244011,
Clk3,Tfap2b,
Anxa5,Ccl24,
Pcgf5,2700046A07Rik,
Mrpl33,Dct,
Ubap1,Rassf9,
Kdm4c,Cd14,
Tmem158,Erbb3,
Gm20300,Clec2d,
Cfap69,Car14,
Srebf2,Ms4a7,
AU041133,Aoc3,
Porcn,Susd3,
Asic4,Gpr116,
Pomgnt1,Ccl5,
Lrrcc1,AW112010,
Phf5a,Tie1,
Tra2a,Cxcl10,
Gle1,H2-Q6,
Mccc1,Zic4,
Nedd4l,Col4a5,
Errfi1,Ifi47,
Mrpl40,Igf2,
Tspyl5,Tmem119,
Syncrip,Ninj2,
Creb1,Olfml1,
Narf,Il2rg,
Mrpl32,Snai1,
Ift27,Gata2,
Nsmce2,LOC102638773,
Uhrf2,Col3a1,
Spast,Gjb2,
Zkscan1,Hhex,
Dot1l,Gpr20,
Wdr26,H2-Q1,
Fbxo45,Slc38a5,
LOC105242947,LOC105244391,
Fam105a,Ctla2a,
A230050P20Rik,Mir150,
Ipo11,Lamc3,
Stoml1,Ace2,
Sstr1,Adap2,
Wdyhv1,C5ar1,
Bpnt1,Mir126a,
Rbm26,Tmem63a,
Slc36a4,Bin2,
Ttc8,C4b,
Pafah1b3,Clec4a2,
Zfp563,Tbx18,
Pdk1,Cxcl9,
Pth2r,Bcl2a1b,
Gyg,Bmx,
Kctd8,Adcy4,
Asb8,Ecscr,
Nifk,Fcna,
Dlx5,Nkx2-2,
Myh13,Cd86,
Parp8,Icam2,
Bpgm,Cd33,
Aasdhppt,Insrr,
Pts,Fgfbp1,
2010300C02Rik,Slc22a6,
Cab39l,Ccl7,
Chrm1,Gbp2,
Tox4,Clec4a3,
Mospd1,Slc6a12,
Zmat1,LOC105245679,
Etf1,Foxs1,
Ubr2,H2-Aa,
Gm33585,Gbp4,
Csnk1e,2610035F20Rik,
Grm2,Plscr2,
Shoc2,Clec4a1,
Pou3f2,Cdh5,
Samd10,Plxnb3,
Sult2b1,Bcas1os2,
Arl5a,Cldn14,
Zpr1,Zbp1,
Plxnc1,Ctla2b,
Hgs,Ms4a4a,
Pnpt1,Ifi204,
Gca,Slc52a3,
Gm17066,LOC102633322,
Rbm42,Tbx3,
Zfp191,Foxd1,
Ap1ar,Tgtp1,
Dnajb2,Lilrb4,
Cyfip1,F630028O10Rik,
Aldh3a2,Foxf2,
Vps4b,Ccr1,
Fam133b,Msx1,
Arid1a,Alx3,
Bloc1s6,Cysltr2,
Trappc12,Cbr2,
Yme1l1,LOC105244608,
Dpcd,AI607873,
Cntn5,Mir7049,
Lyrm2,Tgtp2,
Sp4,LOC105245153,
Frmd5,Gbp8,
2410004B18Rik,Foxd2os,
Rimbp2,Cd9-ps,
Arl3,Six2,
Ebag9,Gbp10,
4930402H24Rik,Ly6c2,
Hipk1,Anpep,
Zfp420,Foxc2,
Srsf12,Cytl1,
Ubtd2,Trim12a,
Sall1,Mnda,
Ubxn6,LOC105243044,
Senp7,LOC105246387,
Zfp639,Clec4n,
Zfp451,,
Ube3c,,
Ccdc184,,
Pigp,,
Rap2a,,
Glce,,
Sgpp1,,
Aldh6a1,,
Cobl,,
Noc2l,,
4933434E20Rik,,
Wdr36,,
Slc5a3,,
Atg101,,
Myo1b,,
Trip11,,
Fau,,
2610507B11Rik,,
Angpt1,,
Clpx,,
Tsen34,,
Prps2,,
Golga7b,,
Fam136a,,
Eif2a,,
Urod,,
Smarca5,,
Plxna2,,
Pgap1,,
Cthrc1,,
Klf5,,
Tipin,,
Fbxl17,,
Mdm2,,
Gprin1,,
Trnt1,,
Add3,,
Ppm1g,,
Fam84a,,
Kbtbd7,,
Pfdn6,,
D3Ertd254e,,
Mrpl9,,
Pim2,,
Nelfb,,
Arid2,,
Zfp317,,
Hdac11,,
Hdac5,,
Drap1,,
Nucb1,,
Ccdc91,,
Myo9b,,
Eml1,,
Esf1,,
St7,,
Mydgf,,
Tsc2,,
Memo1,,
2010111I01Rik,,
Osgep,,
Ppp1r12b,,
Cdk4,,
Ten1,,
Cnot1,,
Dnaja3,,
Topors,,
Ssbp3,,
Scrn1,,
Hecw2,,
Hunk,,
Slitrk3,,
Surf4,,
Mrpl45,,
Timm50,,
Hgsnat,,
Erbb2ip,,
Zfp800,,
Psmb10,,
Lcor,,
Pxdn,,
Dcdc2a,,
Riok3,,
Tmem165,,
Vps39,,
Nfat5,,
Zfp942,,
Gripap1,,
Arntl,,
Wdr75,,
Dip2b,,
Cdk19,,
Coa5,,
Kitl,,
Sgce,,
Dkc1,,
Rfng,,
Fam210b,,
Phf3,,
Bcl7b,,
Spryd3,,
Tubgcp2,,
Pde9a,,
Snrpa,,
Tctn3,,
Ecd,,
Snapc5,,
Wnk1,,
Sla,,
Gm21885,,
Rbm17,,
Fam107b,,
Wwox,,
Commd7,,
Chst10,,
Hdgfrp2,,
LOC105245781,,
Eif6,,
Exoc6,,
Ankrd40,,
Bdp1,,
Chmp1a,,
Mib1,,
Ranbp3,,
Mical3,,
1700066M21Rik,,
Nfs1,,
Cib2,,
Impdh1,,
Zfp945,,
Gpaa1,,
Nup85,,
Dnal4,,
Ptgs1,,
Rps15a,,
Prpf38b,,
Btg2,,
Smarcad1,,
Sp3,,
Desi1,,
Kdm5d,,
Sirt2,,
Ctdspl2,,
Mrpl11,,
Atp11c,,
Camsap1,,
Sarnp,,
Tmem57,,
Ifit3,,
Yipf1,,
Cd99l2,,
Rere,,
Fn3k,,
Rnf141,,
Morc3,,
Rpgr,,
Mrpl10,,
Twsg1,,
Aldh5a1,,
Emd,,
Pcna,,
Mapk1ip1,,
Tyro3,,
Ttc5,,
Blvra,,
Med22,,
2010315B03Rik,,
Dph3,,
Rragd,,
Frg1,,
Pcdhb7,,
Hcrtr2,,
Hbp1,,
Cep290,,
Tcf12,,
Bbs7,,
Alkbh6,,
Chd5,,
Fads1,,
Tmem87b,,
Fastkd2,,
Ddx47,,
Rsrc1,,
Lonp1,,
G3bp1,,
Lrrc4,,
Galntl6,,
Adsl,,
Gm14480,,
Snapc1,,
Slc6a6,,
Tbl1xr1,,
Gemin7,,
Nt5c3b,,
D15Ertd621e,,
Ppp2r5b,,
Morn4,,
Gclc,,
Dpp8,,
Nudt18,,
BC030499,,
Cxxc5,,
Faf2,,
Shisa6,,
Mak16,,
Fip1l1,,
Nbl1,,
Drosha,,
Fam58b,,
Zc3h12c,,
Cul4b,,
Nsmaf,,
Gtf2h1,,
Cacna1b,,
Mrpl37,,
Ubp1,,
Nudt16l1,,
Mrps10,,
Pik3r3,,
Dgke,,
Rab8b,,
Gm35431,,
Mab21l1,,
Rpp30,,
Esrrg,,
Atf7ip,,
Bean1,,
Glra3,,
Fbxo28,,
Golga7,,
Cntn3,,
Zfp948,,
Egr2,,
Ipo13,,
Dhx32,,
9530059O14Rik,,
Exosc10,,
Zbtb4,,
Bri3bp,,
Ap3m1,,
Sox5,,
Rps6kb2,,
Simc1,,
Zufsp,,
2010107G23Rik,,
Rxfp3,,
Fam20b,,
Atad3a,,
Flcn,,
Mrps35,,
Yrdc,,
Agpat5,,
Zdhhc3,,
Ppm1b,,
Dmwd,,
1-Mar,,
Zfc3h1,,
Bckdk,,
Srprb,,
Inpp1,,
Med24,,
Uso1,,
Ganab,,
Selt,,
Smyd3,,
Kdm5b,,
Cirh1a,,
Mfn1,,
Mdga2,,
Rars2,,
Zmym5,,
Ankrd33b,,
Rpl10,,
Gnai3,,
Mtmr1,,
Arsb,,
Tmem167b,,
Slc9a3r2,,
Lpin1,,
Nol11,,
Ddx39,,
Agtr2,,
Smarcal1,,
Rasd1,,
Ctr9,,
Lhfp,,
Fam114a2,,
Dnajc12,,
Bmper,,
Tshz1,,
Npas4,,
Atg5,,
Itpa,,
Pdzd8,,
Hist3h2a,,
Rcan1,,
St6galnac5,,
2810474O19Rik,,
Mark1,,
Gm7072,,
Commd1,,
Ctcf,,
Las1l,,
Hsdl1,,
Tsen15,,
Pank4,,
Dnttip2,,
Zfp120,,
Ppp2r5d,,
Col6a2,,
Bai1,,
Zfp704,,
Foxn3,,
Psmd10,,
Rimklb,,
Tbp,,
Gas6,,
Tbpl1,,
Pex2,,
Whrn,,
4930447M23Rik,,
Slc35f3,,
Zfp330,,
Cpsf2,,
Gns,,
Yipf6,,
Lcorl,,
Arrdc3,,
Cluap1,,
4930506M07Rik,,
Tmem237,,
Kansl1,,
Bex4,,
1810030O07Rik,,
Ralgapa2,,
Fkbp9,,
Gpatch11,,
Prr14l,,
Fam20c,,
Ly6d,,
Acad9,,
Dbnl,,
Exosc4,,
Tbc1d7,,
Sf3a1,,
Gm2824,,
Kcns2,,
Srpk1,,
Ptpmt1,,
Usp19,,
Ercc6,,
Sesn1,,
Dyrk2,,
Gfm1,,
4933427D14Rik,,
Pcdh19,,
Grn,,
Eif2d,,
Polr2f,,
Fjx1,,
Wnk3,,
Orc6,,
Pcdhb17,,
Abi3bp,,
4933439C10Rik,,
Wipi2,,
Mfap3,,
Tex10,,
Adam11,,
Gm1673,,
Klf3,,
Rhof,,
Rnft1,,
D5Ertd579e,,
Metap1,,
Exoc1,,
Ppp3cc,,
Gatc,,
Tmem18,,
Cog4,,
Mtmr4,,
Hdac4,,
Manea,,
Pkp4,,
Jak2,,
Rnf180,,
Eif2b5,,
2610524H06Rik,,
Mrps21,,
Usp40,,
Gm31465,,
Agpat6,,
Hbs1l,,
Ngly1,,
Usp31,,
Zfp944,,
Rabggta,,
Lmbr1,,
Prmt3,,
Zfp799,,
Efna5,,
Safb,,
Exoc2,,
Spns1,,
Enox1,,
Fam208b,,
Dcc,,
Cebpz,,
Pwp1,,
1700021F05Rik,,
Lrrc45,,
Idh2,,
Rreb1,,
Glo1,,
Usp10,,
Fam117b,,
Erlec1,,
Krt222,,
Tet3,,
Pfkfb2,,
Thbs2,,
Dnajc11,,
Txnrd1,,
Dscam,,
Hint2,,
Dusp8,,
Zfp131,,
Ppp2r1b,,
Zfp811,,
Steap2,,
Acadvl,,
Pdf,,
Aptx,,
Snx6,,
Bet1,,
Ctage5,,
Rapgef3,,
Prkci,,
Rcl1,,
Fam184a,,
Ivd,,
Tmpo,,
Cited1,,
Acss2,,
Skil,,
Smchd1,,
Igsf9b,,
Wdr74,,
Eif2b4,,
Zfp410,,
Chpt1,,
Smim19,,
Grin2a,,
Ptprr,,
6-Mar,,
Rpl37a,,
Ift74,,
Adam15,,
Klhl32,,
Scn7a,,
Fbxw5,,
Rnf138,,
Kcnq5,,
Ddhd2,,
Zfp949,,
Rpl17,,
Clasp1,,
Srpr,,
Fsd1,,
Zkscan8,,
Epn2,,
Ikbkb,,
Ebna1bp2,,
Aggf1,,
Tmem169,,
Phtf1,,
Emc9,,
Afg3l2,,
Abhd10,,
Pwwp2a,,
Adam9,,
Zbtb38,,
Poldip3,,
Ppil3,,
Thsd7b,,
Gm3510,,
3110052M02Rik,,
Usp16,,
Thumpd3,,
Ptgr2,,
Srgap2,,
Sec22a,,
LOC105242620,,
Edc4,,
Txndc5,,
Ints8,,
Cdk7,,
Iws1,,
Stam2,,
Ralbp1,,
C78339,,
Wdfy1,,
Cep170b,,
Med6,,
Pgs1,,
Sec24c,,
Whsc1l1,,
Dohh,,
Rlf,,
Wwp1,,
Gga3,,
Nefh,,
St13,,
Ppox,,
LOC105243130,,
Pfdn4,,
Atr,,
Exoc4,,
A830080D01Rik,,
Fgd4,,
Trmt2a,,
Slit1,,
Wdr43,,
Eif5a2,,
Lrrn1,,
Mrpl1,,
2310067E19Rik,,
Fam135a,,
Xpo7,,
Tprkb,,
Fam175b,,
Odc1,,
Vamp7-ps,,
Crcp,,
Zdhhc13,,
Rasa3,,
Jmy,,
Serpinb9,,
Cpsf1,,
Clip4,,
Hars2,,
Ak6,,
Leng8,,
Gm18279,,
Capn2,,
Prdx4,,
Herc4,,
Nbn,,
Nip7,,
Top3b,,
Wdr3,,
Eya1,,
Ppm1k,,
Cmtr1,,
2700094K13Rik,,
Plec,,
Asxl2,,
Cfap97,,
Trrap,,
Dnmt3a,,
Ebp,,
Pigq,,
Irak1,,
Spata2l,,
Wdr41,,
Dennd6a,,
LOC105246961,,
Magoh,,
LOC102633497,,
Zfp160,,
Trim66,,
Timm21,,
Fbxo38,,
Pik3ip1,,
Mis12,,
Stt3a,,
Cyth1,,
Zmat3,,
Rps17,,
Ubxn2b,,
Tmem129,,
Lrig2,,
Qars,,
Tulp4,,
Nhlrc2,,
Mon2,,
Sfxn4,,
Igfbp2,,
Ispd,,
Zmym1,,
Lrrc40,,
Rfc2,,
Kdm3a,,
Ctnnbl1,,
Derl2,,
Camta2,,
Ptdss2,,
Abcf1,,
Tmed8,,
Frmpd3,,
Gm608,,
Hsf1,,
1810026B05Rik,,
H3f3a,,
Akap13,,
Ier2,,
Zfp667,,
Flna,,
Acadm,,
Ss18l1,,
Mettl23,,
Inpp5b,,
Zfp532,,
Cyb5r4,,
Naa30,,
D17Wsu92e,,
Psmd9,,
Nanos1,,
Ptbp3,,
Dnajc13,,
Pbdc1,,
Kbtbd3,,
Lingo2,,
Naa38,,
Pip4k2a,,
Abhd17b,,
Gm5141,,
Haus2,,
Med27,,
Zfp26,,
Tstd3,,
Smarcd1,,
Rpl37,,
Nfyb,,
Mtif2,,
Snrnp40,,
Mtg1,,
Dcun1d1,,
Agps,,
Nabp1,,
Suv420h1,,
Prkag2,,
Ece2,,
Fam78b,,
Abtb1,,
Stk38,,
Lysmd3,,
Alad,,
Slitrk5,,
Ap3b1,,
Arhgef17,,
Mrps22,,
Kansl3,,
Osbpl6,,
Senp5,,
Map2k2,,
Zfp182,,
Med20,,
Ankrd26,,
Dph7,,
LOC101055907,,
Asic2,,
Gzf1,,
Use1,,
Adam10,,
Hspa2,,
Aebp2,,
Atg10,,
Ddx52,,
Uspl1,,
Pank2,,
Ncoa5,,
Wdr45,,
LOC105243365,,
Tmem251,,
Pomk,,
Mios,,
Blzf1,,
Fam118a,,
Gbf1,,
Med8,,
Dock11,,
Gpkow,,
Echdc2,,
Txlng,,
Stim2,,
Zfp385b,,
Efcab14,,
Pop4,,
Tmem209,,
Edem3,,
Fastkd3,,
Anp32a,,
Mrpl16,,
5330417C22Rik,,
4930453N24Rik,,
Glmn,,
Mid2,,
Aamdc,,
Snrpa1,,
Atp2b3,,
Tsc22d2,,
Mms19,,
Eif4g1,,
Mcee,,
Vti1a,,
Sik2,,
Gnptab,,
Tln2,,
Abhd14a,,
Tfam,,
Mfge8,,
Rfc1,,
Mcm6,,
4632415L05Rik,,
G2e3,,
Dock9,,
LOC105246094,,
Clybl,,
Slc35b3,,
Zfp961,,
Sytl5,,
Vegfb,,
Sec24b,,
Klhdc1,,
Larp1,,
Trmt11,,
Itgb1bp1,,
Prpf40b,,
Ahctf1,,
Uty,,
Msh3,,
Traf7,,
Mb21d2,,
Smyd5,,
Lemd3,,
Osgepl1,,
Lrtm2,,
Ubac2,,
Gm34455,,
Nt5dc3,,
Rn7sk,,
Ntmt1,,
Fchsd2,,
Mapkap1,,
Ahcyl2,,
Epb4.1l4b,,
Polr1c,,
Aifm1,,
Fbxl6,,
Cep83os,,
Zfp407,,
Fam171a1,,
Tma7,,
Ints4,,
Letmd1,,
Magee2,,
Tmem41a,,
Cpd,,
Lig3,,
Serac1,,
Tdrkh,,
Atrnl1,,
Ints6,,
Tpgs1,,
Suco,,
Ralgds,,
Akap17b,,
Rit1,,
Coq6,,
Prkcdbp,,
Nrg1,,
Zfp940,,
Gpn3,,
Apopt1,,
LOC102631979,,
Tlk2,,
Ablim3,,
Nin,,
Zfp87,,
Sidt2,,
Vstm5,,
Slc5a6,,
Pitrm1,,
Apbb3,,
Pikfyve,,
Mtx1,,
Fam73b,,
LOC105246715,,
Lrrc55,,
Uimc1,,
Pkd1,,
Dapk1,,
Med23,,
Kiz,,
Stx8,,
Fam96a,,
Aacs,,
Kctd3,,
Gmcl1,,
Tdp2,,
Tubgcp3,,
Swt1,,
Trak2,,
Xrcc6bp1,,
Zfp12,,
Gspt2,,
2410002F23Rik,,
Rbck1,,
Ackr3,,
Pot1a,,
Zfp654,,
Slco3a1,,
Fam122a,,
Zfx,,
Odf2,,
A430033K04Rik,,
Kcne4,,
Zfp827,,
Ddx41,,
Arhgap35,,
Pigf,,
Slc44a2,,
Fam76a,,
Ccdc174,,
Map3k7,,
Ndnl2,,
Hcfc1,,
Nup133,,
B9d2,,
Pkn2,,
Cd83,,
Rnf123,,
Pkd2,,
Hdac6,,
BC005537,,
Ankrd6,,
Med9,,
Bmi1,,
Bcl2l2,,
Rabepk,,
Dcakd,,
Maoa,,
Bmpr1a,,
Zfp874a,,
Zfp248,,
Ptpn12,,
Clic1,,
LOC105244148,,
Irs1,,
Rbm27,,
Myh8,,
Gm34257,,
Zmym4,,
Osgin2,,
Clint1,,
Cbx4,,
Csnk1g1,,
Ankrd55,,
Elac1,,
Ilf3,,
C87436,,
Sgpl1,,
4930503L19Rik,,
Lrch2,,
Slc31a1,,
Slc25a1,,
Gga2,,
Atmin,,
Wdr34,,
Btg1,,
Jun,,
Auts2,,
Fam76b,,
Sec61a1,,
1110037F02Rik,,
1700123O20Rik,,
Mrps30,,
Rspo3,,
D3Ertd751e,,
Mfsd5,,
Arhgap44,,
Rfx7,,
Plat,,
Wbscr22,,
Med13l,,
Cntnap3,,
Stx16,,
Pttg1ip,,
Mphosph10,,
Dimt1,,
Alg5,,
E430025E21Rik,,
Prep,,
1810011O10Rik,,
Jmjd8,,
Adam23,,
Syn3,,
Pdcl3,,
Fbxo7,,
Cenpc1,,
Zfp367,,
Htr1f,,
Mfsd8,,
Tarsl2,,
AI987944,,
Nab1,,
Msl3,,
Ackr1,,
Mmp16,,
Cacna1d,,
Stk24,,
Imp3,,
Mpp5,,
Msrb2,,
Rspo2,,
Stxbp4,,
Mpp3,,
Vmn2r-ps23,,
Ccdc82,,
Cby1,,
Cacna1c,,
Phka1,,
Itga4,,
Mllt10,,
Rps6kl1,,
Hsdl2,,
Ccnt1,,
Trnau1ap,,
Pigc,,
Flii,,
0610010K14Rik,,
Bbs2,,
Pde7a,,
Dnajc1,,
Pak2,,
Wdr48,,
Ehmt1,,
Zfp959,,
Pdcd6ip,,
Phka2,,
Zfp266,,
Dcaf5,,
Cbfb,,
Deaf1,,
Insr,,
Ifit1,,
Herc6,,
Tmem248,,
Dpf2,,
Bicd2,,
Zfp933,,
Cndp2,,
Tbc1d9b,,
Pibf1,,
Gpc3,,
Tigd2,,
Oxa1l,,
Ccar2,,
Grhpr,,
Prpf4,,
Zfp14,,
Spg21,,
Rprd1b,,
Eif2b3,,
Tab2,,
Eif4e3,,
Zfyve9,,
Rpl30,,
Itih5,,
Panx1,,
Cep57,,
Mn1,,
Cog3,,
Usp53,,
Wdr11,,
Zfp275,,
Lsm14a,,
Cadm3,,
Ptgds,,
Dgki,,
Arhgap36,,
Fig4,,
Pogk,,
Efemp1,,
Ndufaf2,,
Focad,,
Scp2,,
Gm5665,,
Yif1a,,
Csnk2a2,,
Fancd2,,
2610044O15Rik8,,
Zw10,,
Frmd3,,
Taf2,,
Riok2,,
Oprk1,,
Ext2,,
Zfp128,,
Rnf32,,
Ech1,,
Pdpr,,
Vps9d1,,
Slc25a19,,
Mlh3,,
Brf1,,
Phc3,,
Ift80,,
Slc38a9,,
Zscan18,,
6030458C11Rik,,
Cdk12,,
Eml6,,
Slc29a1,,
Wdr19,,
Arhgef12,,
Cbx7,,
Slc37a4,,
Rgs19,,
Sap30bp,,
Rps26,,
Ccdc109b,,
Rrm1,,
Btf3l4,,
Tmem64,,
Ulk1,,
Mlh1,,
Cdkl5,,
Map3k13,,
Rspry1,,
Zfp74,,
Inpp4b,,
Zfp790,,
Epha6,,
Fam214a,,
Alkbh7,,
Rabl6,,
Asl,,
Mt2,,
Apip,,
Acad8,,
Gpr3,,
Vwa5b2,,
Pan2,,
Rnf44,,
Tm7sf3,,
Dhx40,,
Fam184b,,
Gprin3,,
Aldh18a1,,
Znrd1,,
Mphosph9,,
Dennd1b,,
Ercc6l2,,
Tmem186,,
Crkl,,
Taf1d,,
Slc41a1,,
Tob1,,
Rab36,,
Zfp952,,
Atpaf2,,
Eml4,,
Clasrp,,
Map4k2,,
Gm34538,,
Nploc4,,
Smg6,,
Mtor,,
Tbc1d14,,
Snhg3,,
Mrps27,,
Iars2,,
Phtf2,,
Frmd7,,
Dnal1,,
Baiap3,,
Ppp4r4,,
Ep300,,
Mettl4,,
Mrps11,,
Tex261,,
Rcbtb1,,
Adprm,,
Arhgef6,,
Qrsl1,,
Clec16a,,
Reps1,,
Trappc2,,
Parn,,
Tmco3,,
Ggh,,
Arih2,,
Pcgf6,,
Smek1,,
Gatsl2,,
Trim27,,
Nupl1,,
Slc17a5,,
Gltscr1l,,
Otud5,,
Specc1l,,
Syf2,,
Tmem127,,
Ado,,
Gmppa,,
Abl2,,
LOC102639429,,
Klhl28,,
Gpr19,,
Atg2b,,
Ubn1,,
Ino80d,,
Commd9,,
Prokr2,,
Nutf2,,
Pgam2,,
Wdr73,,
Vcan,,
Zbtb41,,
Trio,,
Izumo4,,
Ppargc1b,,
Zcchc14,,
Pus10,,
Zfp606,,
E130308A19Rik,,
Dus1l,,
Clcn7,,
Zfp583,,
Prkd3,,
AK010878,,
Fam189a1,,
Nup98,,
Ddx27,,
Heca,,
Zfp143,,
Ciz1,,
Atp8b2,,
Acin1,,
Adck1,,
Hip1,,
Glb1,,
Nars2,,
Rab33b,,
Smad1,,
Dync2li1,,
2610035D17Rik,,
Gosr1,,
P4ha2,,
Vamp3,,
Alg11,,
Setd5,,
Lrrc41,,
Ppapdc3,,
Galnt2,,
Fbxl20,,
Zfp263,,
Plekha2,,
Zfp954,,
Krba1,,
Adam33,,
Paip2b,,
Iah1,,
Atp11a,,
Pex1,,
Fat1,,
Exosc1,,
Tmem19,,
Acyp1,,
Thap7,,
Usp39,,
Snhg14,,
Riok1,,
Nkap,,
Bphl,,
Lman2l,,
Paip1,,
1810041L15Rik,,
Cd2ap,,
Anapc7,,
Papd5,,
Manbal,,
Jarid2,,
Dnm2,,
Col12a1,,
Vprbp,,
Map3k12,,
Cables2,,
9330151L19Rik,,
Znrf1,,
Gm31914,,
Pcca,,
Csgalnact2,,
Lgalsl,,
Scpep1,,
Rap1gap,,
Mib2,,
Sowahb,,
Shisa7,,
Ppapdc1b,,
Mrps33,,
Rev1,,
4930570G19Rik,,
Tvp23a,,
Dyrk1a,,
Zfp523,,
Sox11,,
Rap1a,,
Kat6b,,
Optn,,
Zfp772,,
Imp4,,
Elmod2,,
Pofut2,,
Tmem131,,
Gm26911,,
Me2,,
Aph1b,,
Scarb2,,
Vegfa,,
LOC102634026,,
Slc35e2,,
Rbp1,,
Ubr7,,
Zfp101,,
Tmem168,,
Nudt2,,
Diablo,,
Rsbn1l,,
Polr2d,,
Edem2,,
Sepn1,,
Col4a2,,
Dhx33,,
Zyx,,
Med1,,
Anapc13,,
Bms1,,
Crat,,
Neo1,,
Vwa5a,,
Gpc1,,
Siah1a,,
Pds5a,,
Vps54,,
Ccdc93,,
Krr1,,
Tmem120a,,
Frs2,,
Casc3,,
Cwf19l2,,
Ago1,,
Sart1,,
Itgb8,,
Paqr4,,
Samd8,,
Crtc1,,
9330155M09Rik,,
Gtf2a1,,
Zfp740,,
Tmem42,,
Tab3,,
Ldoc1l,,
Wrap73,,
Lix1,,
Cox19,,
Sephs2,,
BC002059,,
Pogz,,
Usp20,,
Nkain2,,
Mex3c,,
Usp37,,
Ccdc149,,
LOC105246177,,
Nudt10,,
Ncln,,
Ccp110,,
LOC105244249,,
Oscp1,,
Tmem229b,,
Pqlc1,,
Kdm4b,,
Tnfrsf19,,
Phf8,,
Gm20590,,
Gstt1,,
Zbtb25,,
Alg6,,
Pcdhb16,,
Tmem63b,,
Nfrkb,,
Tmod1,,
Rad17,,
Rbms1,,
Rtn2,,
Ankrd49,,
D630023F18Rik,,
Abcg2,,
Spag5,,
Ints2,,
Gorab,,
Pcdhb3,,
Hectd3,,
Mbd5,,
Cenpf,,
D2Wsu81e,,
Ppil1,,
Rce1,,
Slc25a37,,
Mettl8,,
Gm30759,,
Rrad,,
Dand5,,
Zfp119a,,
Enpp4,,
Vars,,
Rnf216,,
Mfsd4,,
Zcchc10,,
LOC105247131,,
Rbm48,,
Ap4e1,,
Zfp623,,
LOC100503338,,
Pdik1l,,
A830082N09Rik,,
Ttn,,
Cdo1,,
Kcnab2,,
Firre,,
D930015E06Rik,,
Setdb1,,
Arid1b,,
Sorcs2,,
Gdpd5,,
Micu2,,
Gabpb1,,
Zfp759,,
Serf1,,
Etfdh,,
Cntrl,,
Ldoc1,,
Strn,,
Elp4,,
Rtel1,,
Kansl1l,,
Srsf9,,
Pam16,,
Opa3,,
Pex12,,
Dedd,,
Plcg1,,
B3galnt2,,
Col11a1,,
Gm33099,,
Adck3,,
Cwf19l1,,
Nup107,,
Sh3rf3,,
Heatr3,,
Trim39,,
Hdac10,,
Hps3,,
Prim1,,
6330403A02Rik,,
Acvr1,,
Poc5,,
Wdr60,,
Gfpt1,,
Apc2,,
9530077C05Rik,,
Megf8,,
Ifnar1,,
Xrcc1,,
Pik3r4,,
Gm15520,,
Gm6712,,
Appl2,,
Kcnh5,,
Zfp608,,
Zfp874b,,
Gm11418,,
Otud1,,
Morc2a,,
Prdm4,,
Ctnnd1,,
Bbx,,
Aatf,,
Zfp398,,
Eif2ak4,,
Trafd1,,
Nbas,,
Cep104,,
Eid2b,,
Eral1,,
Adck2,,
Msh6,,
Cdkn2aip,,
Gm15355,,
Rhot2,,
Acn9,,
Itgb1,,
Hmbs,,
Col26a1,,
Gm18728,,
C330018D20Rik,,
Gm17171,,
Pde3a,,
St6galnac6,,
Entpd5,,
Zhx3,,
Fam222b,,
Golt1b,,
Arfgap3,,
Alg9,,
Abcb6,,
Ndrg1,,
Max,,
Polr3e,,
Larp7,,
Ajap1,,
Dopey2,,
Gm16150,,
Mrto4,,
Baz2a,,
Tex30,,
Dnm3os,,
Fndc3b,,
Numa1,,
Iqgap1,,
AK129341,,
Chd7,,
Ddx19b,,
Grip1os1,,
Cdh18,,
Phc2,,
Fosb,,
Gtf3c4,,
Slc15a2,,
AW554918,,
Katnbl1,,
Gpc6,,
Ppm1f,,
Gm30648,,
Cep97,,
Rcor3,,
LOC105242688,,
Pgf,,
Slc35a3,,
Zfp119b,,
Med16,,
Mtmr2,,
Ptpn1,,
Pla2g4e,,
Slc20a2,,
8-Mar,,
Mcph1,,
Ano6,,
Lsg1,,
Sirt1,,
Gtpbp2,,
Zfp467,,
Hmgxb3,,
Foxo1,,
Phc1,,
Zcchc9,,
Gab2,,
Orai3,,
Hibch,,
Mcm4,,
Palm,,
Mad2l1,,
Tsr3,,
Trmt10b,,
Cbwd1,,
Keap1,,
Nprl3,,
Tmem205,,
Cep295,,
Ano10,,
Telo2,,
Phrf1,,
E4f1,,
B230317F23Rik,,
Skiv2l,,
Med25,,
Cyp7b1,,
Sox2,,
Slc9a8,,
Wbscr17,,
Spty2d1,,
Plxna3,,
Slc35d1,,
Myo6,,
Slain1,,
Trim26,,
Pramef8,,
Ilvbl,,
Idua,,
Ncapd2,,
Usp54,,
Vrk3,,
Zfyve19,,
Pptc7,,
Eftud1,,
B230216G23Rik,,
Aldh7a1,,
Nup50,,
2810021J22Rik,,
Bax,,
Lats1,,
Gfm2,,
Fam160b2,,
Dhodh,,
Zxdb,,
Srrm4os,,
Zfyve28,,
Cblb,,
Ginm1,,
Zcchc8,,
Tbc1d12,,
Diap2,,
Gm36616,,
Supt7l,,
Rgs5,,
Wdr4,,
Abcc1,,
Txndc11,,
Txnrd2,,
Hsf2,,
Cxxc1,,
Alg13,,
Nek9,,
Ttll5,,
Rwdd3,,
Trim46,,
Pcx,,
Coa7,,
Aars2,,
Zfp870,,
Armc10,,
Ctdsp2,,
Rps6ka5,,
Stx5a,,
Atxn3,,
LOC105243200,,
Hdac8,,
Lnpep,,
Hinfp,,
Sox1,,
Twistnb,,
Aste1,,
Fam131b,,
Fggy,,
Prmt6,,
Lap3,,
Lekr1,,
Pcsk7,,
AW146154,,
Igk,,
Dcp1a,,
Fars2,,
Pard6g,,
LOC105243948,,
Lima1,,
Abhd17c,,
Ints3,,
Vwa9,,
Racgap1,,
Ankrd13a,,
Chmp4b,,
Npr2,,
2700049A03Rik,,
Asb6,,
Edrf1,,
Zfp708,,
Klhdc4,,
Myo16,,
Sdhaf1,,
Ss18,,
Il18,,
Lats2,,
Csgalnact1,,
Stard10,,
Mre11a,,
Smoc1,,
Fibin,,
Mlst8,,
Nufip1,,
Rapgef1,,
Cbfa2t2,,
Nit2,,
Arhgef1,,
Atg7,,
Pmm2,,
Tamm41,,
Dancr,,
Grhl1,,
Ccdc130,,
Stk3,,
Ckap4,,
Fam204a,,
Arfip1,,
Tinf2,,
Gm996,,
Prr3,,
3110040N11Rik,,
LOC105246920,,
Slain2,,
Zfp189,,
Il6st,,
Pank3,,
Klhl26,,
Plxna1,,
LOC105244195,,
Etv6,,
Mettl25,,
Polr1a,,
Zfp784,,
Fam43b,,
Nelfe,,
Rnf219,,
Sppl2b,,
Mycbp,,
Rai2,,
Sil1,,
Zkscan14,,
Pik3cb,,
Dgcr8,,
Ankrd37,,
LOC105245096,,
Eed,,
Kcna3,,
Pigm,,
Zfp507,,
Ccdc134,,
Dgka,,
Tmem117,,
Ago4,,
Fkbp14,,
Cbl,,
Obfc1,,
Hipk2,,
Ttf1,,
F3,,
Arf6,,
Gucd1,,
Sephs1,,
Psd2,,
Nfkbiz,,
Lins,,
Fkbp15,,
Atad5,,
Cog5,,
Defb1,,
Patl1,,
LOC105246443,,
Gmeb1,,
Pllp,,
Ndst2,,
Rps6ka4,,
Wdr90,,
Noa1,,
Dennd4b,,
Tbc1d8,,
Sh2d3c,,
Pigg,,
Zfhx2,,
Mapkapk5,,
Chrna6,,
Dpy19l4,,
Dhx35,,
Smg8,,
Gemin5,,
Zfp84,,
Clk2,,
Mtfmt,,
Tmem260,,
Dscaml1,,
Ctns,,
Csrp2bp,,
Gm16083,,
Cep68,,
Spryd4,,
Rps6ka2,,
Il17ra,,
Zfp780b,,
Eif2ak3,,
Abcc8,,
Traip,,
Gm15723,,
Fmn1,,
LOC105245148,,
Arl6ip6,,
Tspan15,,
Mtif3,,
Arvcf,,
Rnf215,,
Atf6b,,
Fam196a,,
Sin3a,,
Tcaim,,
Ctso,,
Snhg5,,
Sfrp1,,
1700030L22Rik,,
Dph5,,
Sp1,,
Ankrd35,,
Fam13a,,
Gm30553,,
LOC105242595,,
Gm17202,,
Cep192,,
Spice1,,
Baz1a,,
Hus1,,
Malt1,,
Tmc7,,
Rad9a,,
Lmnb2,,
Cd52,,
Col6a3,,
Adamts10,,
Clrn1,,
Mtap,,
Miip,,
Elmod3,,
Cyb5d1,,
Rab34,,
Ino80,,
Rad50,,
Hexdc,,
Cep85,,
Gm5113,,
Gm15496,,
Acot3,,
Hps1,,
Gm3871,,
Map2k6,,
Scyl2,,
Gstm7,,
Tmem80,,
Zfyve26,,
Atp7a,,
Tctn2,,
Cdk20,,
Rabl3,,
Sirt5,,
Cnnm3,,
Mgme1,,
Tuft1,,
Perp,,
Gtf2h4,,
Fus,,
Ascc2,,
Slc9a9,,
Zfp78,,
Zfp574,,
Lca5,,
Ing5,,
Spns2,,
Pcgf3,,
Tbc1d31,,
Celf3,,
Lmln,,
Zranb3,,
Grid2,,
Sp3os,,
6720489N17Rik,,
Alkbh5,,
1700094D03Rik,,
Gnpnat1,,
Wbp1l,,
Phf13,,
Vsig2,,
Spats2,,
Plcd1,,
Fam188b,,
Map10,,
9430008C03Rik,,
Apex2,,
Rnf113a1,,
Chst11,,
Ssh1,,
Larp1b,,
Mapk7,,
Gm29695,,
Zfp951,,
Efcab2,,
Gm3134,,
Casp1,,
Trabd,,
Pygo2,,
Susd6,,
Sgpp2,,
Mad1l1,,
B4galt5,,
Arg2,,
Lzic,,
9130011E15Rik,,
Xylt2,,
Axin1,,
Gpr137b,,
Ccdc157,,
LOC105245783,,
Timeless,,
Dhfr,,
Cc2d1b,,
Gm13748,,
Zfp184,,
Filip1l,,
Aldh1l1,,
Amer1,,
BC052040,,
Spry2,,
Ifngr1,,
Lgr5,,
Jrk,,
Ift140,,
Plek,,
Enox2,,
Nadsyn1,,
Kcnu1,,
Cdyl,,
5031425E22Rik,,
Dmp1,,
Gm20939,,
Gm16973,,
Ctbp2,,
Gm19691,,
LOC105246668,,
Gm26901,,
Slc35g1,,
Adamts1,,
Stxbp3a,,
Zfp934,,
Neb,,
F2r,,
Tmem101,,
Amer3,,
Postn,,
Mmgt2,,
Cdca7,,
Gm3116,,
Zfp418,,
Fam159b,,
Pag1,,
Gm19744,,
Pcnt,,
Neat1,,
Diexf,,
4921511H03Rik,,
Dnah1,,
P2ry12,,
Tex15,,
LOC105242754,,
Plekha7,,
Arhgap22,,
Hist1h2be,,
Slc19a1,,
St6galnac3,,
Naf1,,
Etnk2,,
Rnf144a,,
Arrdc4,,
Slc25a20,,
Peo1,,
Fgfr2,,
Mycl,,
AI846148,,
Sox4,,
Rab35,,
Dnah5,,
Pld2,,
LOC105245720,,
Lrrc42,,
Fam98b,,
2610306M01Rik,,
Bag3,,
Ganc,,
Pgpep1,,
LOC105242760,,
Prdm1,,
Capn6,,
Litaf,,
Rbmxl1,,
Mfap2,,
LOC105243374,,
Prrc1,,
Gm33937,,
Plod2,,
Arhgap17,,
Gm15577,,
Grtp1,,
Ctu1,,
Gpr64,,
Nphp4,,
C330027C09Rik,,
Gm5858,,
Fbrsl1,,
Kank3,,
Zfp109,,
2610028E06Rik,,
Nts,,
LOC105246970,,
Cdkn1c,,
Gm16108,,
Pld1,,
Slc12a4,,
LOC105246869,,
Stbd1,,
Itga6,,
Tom1l1,,
Kcnk10,,
Dcn,,
Gm18173,,
LOC105244765,,
Emp2,,
Gm17922,,
Gm32807,,
Slco5a1,,
Cep41,,
Gm32849,,
Gm11652,,
Sgcd,,
Gm32657,,
Gm30868,,
LOC105246571,,
Naaladl2,,
Apold1,,
Dvl2,,
Smad9,,
Ezr,,
Myt1,,
Gm26756,,
Mtbp,,
Trpm4,,
Wnt7b,,
Tmem123,,
Trim68,,
1810032O08Rik,,
Gm17809,,
Fmnl3,,
Unc5b,,
D330050G23Rik,,
Efcab5,,
Vipr2,,
Stk36,,
Slc1a3,,
Igsf9,,
Rbm19,,
LOC105246642,,
LOC105243400,,
Cacna2d2,,
Zscan30,,
Srebf1,,
Pltp,,
LOC102635783,,
Lhfpl2,,
Hsd3b7,,
Gm32497,,
Sh2d4b,,
Kdelc2,,
Phykpl,,
Dll1,,
Lgr6,,
Wbscr27,,
Cachd1,,
Dach1,,
Lrrc51,,
Ankrd63,,
Myo10,,
Emp3,,
Timp1,,
Btd,,
Egf,,
Calcb,,
Cpa6,,
5430405H02Rik,,
LOC105245693,,
Calcrl,,
Gcgr,,
LOC105242602,,
P2rx5,,
LOC105247213,,
Mcm2,,
Tmem116,,
Gm13607,,
Zfp831,,
Ccdc141,,
Epn1,,
Lhx9,,
Gal,,
B430319G15Rik,,
LOC105245780,,
Ppef1,,
Sspn,,
1600029O15Rik,,
Tenc1,,
Adamts19,,
Elf1,,
Gm715,,
Gm28876,,
LOC105246452,,
LOC102641931,,
Cd274,,
LOC105245280,,
Gcnt1,,
Gm33856,,
Mertk,,
Gm34116,,
Rec114,,
Gm34970,,
Cdca7l,,
LOC105245905,,
Gm6722,,
Gm13397,,
Pole,,
LOC105245523,,
Ripk4,,
LOC105247067,,
Sall3,,
Gper1,,
Vmn2r1,,
Trp73,,
Nppa,,
Eya2,,
Dqx1,,
Phxr4,,
Cd74,,
Gja1,,
Gm33647,,
LOC105243367,,
Kcnj5,,
Nhlh2,,
Anxa1,,
Crabp2,,
Gm34654,,
LOC105246738,,
Tnfrsf18,,
Slc8b1,,
Oit3,,
Dlk1,,
Gm30056,,
Gpr50,,
Npb,,
Gm35209,,
Nmu,,
Tbx15,,
Gm27199,,
Dcdc5,,
Crct1,,
Gm15786,,
LOC105243317,,
Serpinb2,,
Lhx5,,
Osmr,,
Slc6a3,,
LOC105243980,,
